fips,name,st,county,rucc,pop_2010
0800925,Akron,Colorado,8121,9,1702
0801090,Alamosa,Colorado,8003,7,8780
0802355,Antonito,Colorado,8021,9,781
0809555,Brush,Colorado,8087,6,5463
0810600,Burlington,Colorado,8063,7,4254
0812855,Center,Colorado,8109,9,2230
0815165,Clifton,Colorado,8077,3,19889
0817375,Cortez,Colorado,8083,6,8482
0817760,Craig,Colorado,8081,7,9464
0818310,Crested Butte,Colorado,8051,7,1487
0819795,Del Norte,Colorado,8105,7,1686
0819850,Delta,Colorado,8029,6,8915
0822035,Durango,Colorado,8067,4,16887
0827040,Florence,Colorado,8043,4,3881
0827810,Fort Morgan,Colorado,8087,6,11315
0828745,Fruita,Colorado,8077,3,12646
0830780,Glenwood Springs,Colorado,8045,5,9614
0831660,Grand Junction,Colorado,8077,3,58566
0833640,Gunnison,Colorado,8051,7,5854
0834960,Haxtun,Colorado,8095,9,946
0837270,Holyoke,Colorado,8095,9,2313
0839965,Julesburg,Colorado,8115,9,1225
0842110,La Junta,Colorado,8089,6,7077
0843110,Lamar,Colorado,8099,7,7804
0843660,Las Animas,Colorado,8011,7,2410
0844320,Leadville,Colorado,8065,6,2602
0844980,Limon,Colorado,8073,8,1880
0848060,Manassa,Colorado,8021,9,991
0849875,Meeker,Colorado,8103,9,2475
0851635,Monte Vista,Colorado,8105,7,4444
0851745,Montrose,Colorado,8085,4,19132
0855155,Oak Creek,Colorado,8107,7,884
0856145,Ordway,Colorado,8025,8,1080
0856860,Pagosa Springs,Colorado,8007,7,1727
0857300,Paonia,Colorado,8029,6,1451
0864255,Rifle,Colorado,8045,5,9172
0865190,Rocky Ford,Colorado,8089,6,3957
0867280,Salida,Colorado,8015,7,5236
0873330,Springfield,Colorado,8009,9,1451
0873825,Steamboat Springs,Colorado,8107,7,12088
0873935,Sterling,Colorado,8075,7,14777
0876795,Telluride,Colorado,8113,9,2325
0878610,Trinidad,Colorado,8071,7,9096
0882350,Walsenburg,Colorado,8055,6,3068
0886310,Wray,Colorado,8125,7,2342
0886750,Yuma,Colorado,8125,7,3524
1900190,Ackley,Iowa,19083,6,1589
1900595,Afton,Iowa,19175,6,845
1900775,Akron,Iowa,19149,3,1486
1900910,Albia,Iowa,19135,7,3766
1901135,Algona,Iowa,19109,7,5560
1901495,Alta,Iowa,19021,7,1883
1901585,Alton,Iowa,19167,7,1216
1901855,Ames,Iowa,19169,3,58965
1902260,Anita,Iowa,19029,6,972
1903520,Atlantic,Iowa,19029,6,7112
1903655,Audubon,Iowa,19009,8,2176
1905365,Bedford,Iowa,19173,9,1440
1905635,Bellevue,Iowa,19097,6,2191
1905680,Belmond,Iowa,19197,7,2376
1907030,Bloomfield,Iowa,19051,9,2640
1907480,Boone,Iowa,19015,6,12661
1908605,Britt,Iowa,19081,7,2069
1908695,Brooklyn,Iowa,19157,7,1468
1909550,Burlington,Iowa,19057,5,25663
1911080,Carroll,Iowa,19027,7,10103
1911305,Cascade,Iowa,19061,3,2159
1911755,Cedar Falls,Iowa,19013,3,39260
1912315,Centerville,Iowa,19007,7,5528
1912720,Chariton,Iowa,19117,6,4321
1912765,Charles City,Iowa,19067,7,7652
1913080,Cherokee,Iowa,19035,6,5253
1913575,Clarinda,Iowa,19145,6,5572
1913620,Clarion,Iowa,19197,7,2850
1913755,Clarksville,Iowa,19023,8,1439
1914025,Clear Lake,Iowa,19033,5,7777
1914430,Clinton,Iowa,19045,4,26885
1915060,Colfax,Iowa,19099,6,2093
1916050,Coon Rapids,Iowa,19027,7,1305
1916500,Corning,Iowa,19003,9,1635
1916545,Correctionville,Iowa,19193,3,821
1916635,Corydon,Iowa,19185,9,1585
1917220,Cresco,Iowa,19089,6,3868
1917265,Creston,Iowa,19175,6,7834
1919405,Decorah,Iowa,19191,7,8127
1919945,Denison,Iowa,19047,7,8298
1921180,De Witt,Iowa,19045,4,5322
1922395,Dubuque,Iowa,19061,3,57637
1923115,Dyersville,Iowa,19061,3,4058
1923250,Eagle Grove,Iowa,19197,7,3583
1924420,Eldon,Iowa,19179,5,927
1924465,Eldora,Iowa,19083,6,2732
1924690,Elkader,Iowa,19043,8,1273
1925590,Emmetsburg,Iowa,19147,7,3904
1925860,Estherville,Iowa,19063,7,6360
1926265,Exira,Iowa,19009,8,840
1926445,Fairfield,Iowa,19101,7,9464
1927165,Fayette,Iowa,19065,6,1338
1928380,Forest City,Iowa,19189,7,4151
1928515,Fort Dodge,Iowa,19187,5,25206
1928605,Fort Madison,Iowa,19111,5,11051
1929955,Garner,Iowa,19081,7,3129
1930225,George,Iowa,19119,8,1080
1931710,Gowrie,Iowa,19187,5,1037
1931980,Grand Junction,Iowa,19073,6,824
1932745,Greene,Iowa,19023,8,1130
1932790,Greenfield,Iowa,19001,8,1982
1933105,Grinnell,Iowa,19157,7,9218
1933150,Griswold,Iowa,19029,6,1036
1933195,Grundy Center,Iowa,19075,3,2706
1933465,Guttenberg,Iowa,19043,8,1919
1933780,Hamburg,Iowa,19071,8,1187
1933960,Hampton,Iowa,19069,7,4461
1934500,Harlan,Iowa,19165,6,5106
1934725,Hartley,Iowa,19141,7,1672
1935265,Hawarden,Iowa,19167,7,2546
1936840,Holstein,Iowa,19093,8,1396
1937515,Hull,Iowa,19167,7,2175
1937560,Humboldt,Iowa,19091,7,4690
1938010,Ida Grove,Iowa,19093,8,2142
1938100,Independence,Iowa,19019,6,5966
1938640,Iowa Falls,Iowa,19083,6,5238
1939450,Jefferson,Iowa,19073,6,4345
1939675,Jewell Junction,Iowa,19079,6,1215
1940845,Keokuk,Iowa,19111,5,10780
1940935,Keosauqua,Iowa,19177,9,1006
1940980,Keota,Iowa,19107,8,1009
1941385,Kingsley,Iowa,19149,3,1411
1942015,Knoxville,Iowa,19125,6,7313
1942465,Lake City,Iowa,19025,9,1727
1942555,Lake Mills,Iowa,19189,7,2100
1942690,Lake View,Iowa,19161,9,1142
1942960,Lamoni,Iowa,19053,9,2324
1943275,Lansing,Iowa,19005,6,999
1943365,La Porte City,Iowa,19013,3,2285
1943725,Laurens,Iowa,19151,9,1258
1944400,Le Mars,Iowa,19149,3,9826
1944490,Lenox,Iowa,19173,9,1407
1944535,Leon,Iowa,19053,9,1977
1948000,McGregor,Iowa,19043,8,871
1948450,Madrid,Iowa,19015,6,2543
1948810,Manchester,Iowa,19055,6,5179
1948855,Manilla,Iowa,19047,7,776
1948900,Manly,Iowa,19195,9,1323
1948945,Manning,Iowa,19027,7,1500
1948990,Manson,Iowa,19025,9,1690
1949170,Mapleton,Iowa,19133,6,1224
1949215,Maquoketa,Iowa,19097,6,6141
1949350,Marcus,Iowa,19035,6,1117
1949395,Marengo,Iowa,19095,6,2528
1949755,Marshalltown,Iowa,19127,4,27552
1950160,Mason City,Iowa,19033,5,28079
1950935,Melcher-Dallas,Iowa,19125,6,1288
1952095,Milford,Iowa,19059,7,2898
1953310,Monona,Iowa,19043,8,1549
1953355,Monroe,Iowa,19099,6,1830
1953490,Montezuma,Iowa,19157,7,1462
1954480,Mount Ayr,Iowa,19159,9,1691
1954705,Mount Pleasant,Iowa,19087,6,8668
1955110,Muscatine,Iowa,19139,4,22886
1955335,Nashua,Iowa,19037,6,1663
1955695,Nevada,Iowa,19169,3,6798
1956100,New Hampton,Iowa,19037,6,3571
1956325,New London,Iowa,19087,6,1897
1956460,New Sharon,Iowa,19123,7,1293
1956505,Newton,Iowa,19099,6,15254
1956910,Nora Springs,Iowa,19067,7,1431
1957630,Northwood,Iowa,19195,9,1989
1958575,Odebolt,Iowa,19161,9,1013
1958620,Oelwein,Iowa,19065,6,6415
1958665,Ogden,Iowa,19015,6,2044
1959115,Onawa,Iowa,19133,6,2998
1959475,Orange City,Iowa,19167,7,6004
1959745,Osage,Iowa,19131,7,3619
1959835,Osceola,Iowa,19039,6,4929
1959925,Oskaloosa,Iowa,19123,7,11463
1960465,Ottumwa,Iowa,19179,5,25023
1961590,Parkersburg,Iowa,19023,8,1870
1961905,Paullina,Iowa,19141,7,1056
1962040,Pella,Iowa,19125,6,10352
1963975,Pocahontas,Iowa,19151,9,1789
1964290,Postville,Iowa,19005,6,2227
1964650,Primghar,Iowa,19141,7,909
1966135,Red Oak,Iowa,19137,6,5742
1966315,Reinbeck,Iowa,19075,3,1664
1966405,Remsen,Iowa,19149,3,1663
1968070,Rockford,Iowa,19067,7,860
1968160,Rock Rapids,Iowa,19119,8,2549
1968205,Rock Valley,Iowa,19167,7,3354
1968295,Rockwell City,Iowa,19025,9,1709
1969645,Sac City,Iowa,19161,9,2220
1970410,Sanborn,Iowa,19141,7,1404
1972210,Sheffield,Iowa,19069,7,1172
1972390,Sheldon,Iowa,19141,7,5188
1972525,Shenandoah,Iowa,19145,6,5150
1972975,Sibley,Iowa,19143,7,2798
1973065,Sidney,Iowa,19071,8,1138
1973110,Sigourney,Iowa,19107,8,2059
1973290,Sioux Center,Iowa,19167,7,7048
1973425,Sioux Rapids,Iowa,19021,7,775
1974280,Spencer,Iowa,19041,7,11233
1974415,Spirit Lake,Iowa,19059,7,4840
1975135,State Center,Iowa,19127,4,1468
1975630,Storm Lake,Iowa,19021,7,10600
1975675,Story City,Iowa,19169,3,3431
1975855,Strawberry Point,Iowa,19043,8,1279
1976260,Sumner,Iowa,19017,3,2028
1976935,Tabor,Iowa,19071,8,1040
1977115,Tama,Iowa,19171,6,2877
1978285,Tipton,Iowa,19031,6,3221
1978510,Toledo,Iowa,19171,6,2341
1978735,Traer,Iowa,19171,6,1703
1978915,Tripoli,Iowa,19017,3,1313
1980985,Villisca,Iowa,19137,6,1252
1982200,Wapello,Iowa,19115,8,2067
1982335,Washington,Iowa,19183,3,7266
1982740,Waukon,Iowa,19005,6,3897
1982875,Waverly,Iowa,19017,3,9874
1983145,Webster City,Iowa,19079,6,8070
1983280,Wellman,Iowa,19183,3,1408
1983685,West Burlington,Iowa,19057,5,2968
1984315,West Liberty,Iowa,19139,4,3736
1984765,West Union,Iowa,19065,6,2486
1985845,Williamsburg,Iowa,19095,6,3068
1986070,Wilton,Iowa,19139,4,2802
2301360,Anson,Maine,23025,6,2511
2302060,Auburn,Maine,23001,3,23055
2302100,Augusta,Maine,23011,4,19136
2302795,Bangor,Maine,23019,3,33039
2302830,Bar Harbor,Maine,23009,6,5235
2303950,Belfast,Maine,23027,6,6668
2304965,Bingham,Maine,23025,6,922
2305665,Blue Hill,Maine,23009,6,2686
2306085,Boothbay Harbor,Maine,23015,8,2165
2306925,Brewer,Maine,23019,3,9482
2308780,Bucksport,Maine,23009,6,4924
2309585,Calais,Maine,23029,7,3123
2309690,Camden,Maine,23013,7,4850
2310565,Caribou,Maine,23003,7,8189
2313435,Clinton,Maine,23011,4,3486
2317495,Dexter,Maine,23019,3,3895
2317705,Dixfield,Maine,23017,6,2550
2318230,Dover-Foxcroft,Maine,23021,8,4213
2321065,East Millinocket,Maine,23019,3,1723
2321730,Eastport,Maine,23029,7,1331
2323200,Ellsworth,Maine,23009,6,7741
2324285,Fairfield,Maine,23025,6,6735
2324285,Fairfield,Maine,23025,6,0
2324635,Farmingdale,Maine,23011,4,2956
2324740,Farmington,Maine,23007,6,7760
2325580,Fort Fairfield,Maine,23003,7,3496
2325580,Fort Fairfield,Maine,23003,7,0
2325720,Fort Kent,Maine,23003,7,4097
2326875,Fryeburg,Maine,23017,6,3449
2327085,Gardiner,Maine,23011,4,5800
2329500,Greenville,Maine,23021,8,1646
2330060,Guilford,Maine,23021,8,1521
2330550,Hallowell,Maine,23011,4,2381
2330760,Hampden,Maine,23019,3,7257
2331705,Hartland,Maine,23025,6,1782
2333945,Houlton,Maine,23003,7,6123
2334225,Howland,Maine,23019,3,1241
2338740,Lewiston,Maine,23001,3,36592
2339265,Limestone,Maine,23003,7,2314
2339440,Lincoln,Maine,23019,3,45
2339440,Lincoln,Maine,23019,3,5085
2340735,Livermore Falls,Maine,23001,3,3187
2341925,Machias,Maine,23029,7,2221
2342485,Madawaska,Maine,23003,7,4035
2342625,Madison,Maine,23025,6,4855
2342625,Madison,Maine,23025,6,0
2343675,Mars Hill,Maine,23003,7,1493
2344620,Mechanic Falls,Maine,23001,3,3031
2345250,Mexico,Maine,23017,6,2681
2345635,Milford,Maine,23019,3,3070
2345845,Millinocket,Maine,23019,3,4506
2345985,Milo,Maine,23021,8,2340
2349100,Newport,Maine,23019,3,3275
2349800,Norridgewock,Maine,23025,6,3367
2353965,Norway,Maine,23017,6,5014
2354525,Oakland,Maine,23011,4,6240
2355225,Old Town,Maine,23019,3,7840
2355575,Orono,Maine,23019,3,10362
2356240,Oxford,Maine,23017,6,4110
2358970,Pittsfield,Maine,23025,6,4215
2360825,Presque Isle,Maine,23003,7,9692
2361735,Randolph,Maine,23011,4,1772
2363590,Rockland,Maine,23013,7,7297
2364255,Rumford,Maine,23017,6,5841
2366600,Searsport,Maine,23027,6,2615
2368875,Skowhegan,Maine,23025,6,8589
2376330,Thomaston,Maine,23013,7,2781
2378535,Van Buren,Maine,23003,7,2171
2379515,Waldoboro,Maine,23015,8,5075
2380250,Washburn,Maine,23003,7,1687
2380740,Waterville,Maine,23011,4,15722
2385815,Wilton,Maine,23007,6,4116
2386480,Winslow,Maine,23011,4,7794
2386725,Winterport,Maine,23027,6,3757
2386935,Winthrop,Maine,23011,4,6092
2387040,Wiscasset,Maine,23015,8,3732
2387250,Woodland,Maine,23029,7,1213
2600440,Adrian,Michigan,26091,4,21133
2600980,Albion,Michigan,26025,3,8616
2601260,Allegan,Michigan,26005,4,4998
2601540,Alma,Michigan,26057,6,9383
2601740,Alpena,Michigan,26007,7,10483
2604740,Bad Axe,Michigan,26063,7,3129
2605320,Baraga,Michigan,26013,9,2053
2605920,Battle Creek,Michigan,26025,3,52347
2606020,Bay City,Michigan,26017,3,34932
2606900,Belding,Michigan,26067,4,5757
2607520,Benton Harbor,Michigan,26021,3,10038
2607860,Berrien Springs,Michigan,26021,3,1800
2607960,Bessemer,Michigan,26053,7,1905
2608300,Big Rapids,Michigan,26107,6,10601
2609000,Blissfield,Michigan,26091,4,3340
2609820,Boyne City,Michigan,26029,7,3735
2610860,Bronson,Michigan,26023,6,2349
2611400,Buchanan,Michigan,26021,3,4456
2612320,Cadillac,Michigan,26165,7,10355
2613420,Caro,Michigan,26157,6,4229
2613860,Caspian,Michigan,26071,7,906
2613880,Cass City,Michigan,26157,6,2428
2614780,Charlevoix,Michigan,26029,7,2513
2615000,Cheboygan,Michigan,26031,7,4867
2615140,Chesaning,Michigan,26145,3,2394
2615920,Clare,Michigan,26035,6,3118
2616480,Clinton,Michigan,26091,4,2336
2617020,Coldwater,Michigan,26023,6,10945
2617840,Constantine,Michigan,26149,4,2076
2618300,Corunna,Michigan,26155,4,3497
2618920,Croswell,Michigan,26151,6,2447
2619140,Crystal Falls,Michigan,26071,7,1469
2623380,Dundee,Michigan,26115,3,3957
2623500,Durand,Michigan,26155,4,3446
2624020,East Jordan,Michigan,26029,7,2351
2624420,East Tawas,Michigan,26069,7,2808
2626360,Escanaba,Michigan,26041,5,12616
2626420,Essexville,Michigan,26017,3,3478
2626640,Evart,Michigan,26133,9,1903
2630200,Frankenmuth,Michigan,26145,3,4944
2630260,Frankfort,Michigan,26019,9,1286
2630700,Fremont,Michigan,26123,6,4081
2631720,Gaylord,Michigan,26137,7,3645
2632300,Gladstone,Michigan,26041,5,4973
2632320,Gladwin,Michigan,26051,6,2933
2634640,Grayling,Michigan,26039,7,1884
2636300,Hancock,Michigan,26061,5,4634
2636460,Harbor Beach,Michigan,26063,7,1703
2636560,Harbor Springs,Michigan,26047,7,1194
2636920,Hart,Michigan,26127,6,2126
2638460,Hillsdale,Michigan,26059,6,8305
2638920,Homer,Michigan,26025,3,1668
2639360,Houghton,Michigan,26061,5,7708
2639720,Hudson,Michigan,26091,4,2307
2640860,Ionia,Michigan,26067,4,11394
2640960,Iron Mountain,Michigan,26043,7,7624
2640980,Iron River,Michigan,26071,7,3029
2641060,Ironwood,Michigan,26053,7,5387
2641220,Ishpeming,Michigan,26103,5,6470
2641340,Ithaca,Michigan,26057,6,2910
2641420,Jackson,Michigan,26075,3,33534
2641920,Jonesville,Michigan,26059,6,2258
2642260,Kalkaska,Michigan,26079,7,2020
2643300,Kingsford,Michigan,26043,7,5133
2644780,Lake Linden,Michigan,26061,5,1007
2644880,Lake Odessa,Michigan,26067,4,2018
2645540,L'Anse,Michigan,26013,9,2011
2646360,Laurium,Michigan,26061,5,1977
2649640,Ludington,Michigan,26105,7,8076
2650620,Mancelona,Michigan,26009,9,1390
2650720,Manistee,Michigan,26101,7,6226
2650760,Manistique,Michigan,26153,7,3097
2650880,Manton,Michigan,26165,7,1287
2651820,Marlette,Michigan,26151,6,1875
2651900,Marquette,Michigan,26103,5,21355
2651940,Marshall,Michigan,26025,3,7088
2653020,Menominee,Michigan,26109,7,8599
2653780,Midland,Michigan,26111,3,41863
2655020,Monroe,Michigan,26115,3,20733
2655100,Montague,Michigan,26121,3,2361
2655500,Morenci,Michigan,26091,4,2220
2656020,Mount Pleasant,Michigan,26073,4,26016
2656200,Munising,Michigan,26003,7,2355
2656320,Muskegon,Michigan,26121,3,38401
2656360,Muskegon Heights,Michigan,26121,3,10856
2656860,Negaunee,Michigan,26103,5,4568
2657080,Newaygo,Michigan,26123,6,1976
2657140,Newberry,Michigan,26095,7,1519
2657220,New Buffalo,Michigan,26021,3,1883
2657760,Niles,Michigan,26021,3,11600
2658640,North Muskegon,Michigan,26121,3,3786
2659220,Norway,Michigan,26043,7,2845
2660680,Onaway,Michigan,26141,7,880
2660860,Ontonagon,Michigan,26131,9,1494
2661620,Otsego,Michigan,26005,4,3956
2661940,Owosso,Michigan,26155,4,15194
2663820,Petoskey,Michigan,26047,7,5670
2664160,Pinconning,Michigan,26017,3,1307
2664740,Plainwell,Michigan,26005,4,3804
2665860,Portland,Michigan,26067,4,3883
2666640,Quincy,Michigan,26023,6,1652
2667500,Reading,Michigan,26059,6,1078
2667820,Reed City,Michigan,26133,9,2425
2669260,Rogers City,Michigan,26141,7,2827
2670520,Saginaw,Michigan,26145,3,51508
2670640,St. Charles,Michigan,26145,3,2054
2670840,St. Ignace,Michigan,26097,7,2452
2670960,St. Joseph,Michigan,26021,3,8365
2671000,St. Louis,Michigan,26057,6,7482
2671540,Sandusky,Michigan,26151,6,2679
2671740,Sault Ste. Marie,Michigan,26033,7,14144
2672080,Scottville,Michigan,26105,7,1214
2672180,Sebewaing,Michigan,26063,7,1759
2672840,Shelby,Michigan,26127,6,2065
2675220,South Range,Michigan,26061,5,758
2676960,Sturgis,Michigan,26149,4,10994
2678140,Tawas City,Michigan,26069,7,1827
2679120,Tecumseh,Michigan,26091,4,8521
2679720,Three Oaks,Michigan,26021,3,1622
2679760,Three Rivers,Michigan,26149,4,7811
2680340,Traverse City,Michigan,26055,5,14674
2681360,Union City,Michigan,26023,6,1599
2681840,Vassar,Michigan,26157,6,2697
2682780,Wakefield,Michigan,26053,7,1851
2684500,Watervliet,Michigan,26021,3,1735
2684880,Wayland,Michigan,26005,4,4079
2685580,West Branch,Michigan,26129,9,2139
2686780,Whitehall,Michigan,26121,3,2706
2686920,White Pigeon,Michigan,26149,4,1522
2700172,Ada,Minnesota,27107,8,1707
2700262,Adrian,Minnesota,27105,7,1209
2700460,Aitkin,Minnesota,27001,8,2165
2700694,Albert Lea,Minnesota,27047,7,18016
2700928,Alexandria,Minnesota,27041,6,11070
2701864,Appleton,Minnesota,27151,7,1412
2702908,Austin,Minnesota,27099,4,24718
2703196,Bagley,Minnesota,27029,8,1392
2703574,Barnesville,Minnesota,27027,3,2563
2704024,Baudette,Minnesota,27077,9,1106
2705068,Bemidji,Minnesota,27007,7,13431
2705212,Benson,Minnesota,27151,7,3240
2706076,Bird Island,Minnesota,27129,8,1042
2706580,Blooming Prairie,Minnesota,27147,5,1996
2706688,Blue Earth,Minnesota,27043,6,3353
2707048,Bovey,Minnesota,27061,6,804
2707300,Brainerd,Minnesota,27035,4,13590
2707462,Breckenridge,Minnesota,27167,6,3386
2709226,Caledonia,Minnesota,27055,3,2868
2709604,Canby,Minnesota,27173,9,1795
2709730,Cannon Falls,Minnesota,27049,4,4083
2710252,Cass Lake,Minnesota,27021,9,770
2711008,Chatfield,Minnesota,27045,3,2779
2712484,Cold Spring,Minnesota,27145,3,4025
2712502,Coleraine,Minnesota,27061,6,1970
2713870,Crookston,Minnesota,27119,3,7891
2713924,Crosby,Minnesota,27035,4,2386
2714968,Dawson,Minnesota,27073,9,1540
2715832,Detroit Lakes,Minnesota,27005,6,8569
2715976,Dilworth,Minnesota,27027,3,4024
2715994,Dodge Center,Minnesota,27039,3,2670
2717612,East Grand Forks,Minnesota,27119,3,8601
2718458,Elbow Lake,Minnesota,27051,9,1176
2720222,Fairfax,Minnesota,27129,8,1235
2720330,Fairmont,Minnesota,27091,7,10666
2720546,Faribault,Minnesota,27131,4,23352
2720906,Fergus Falls,Minnesota,27111,6,13138
2721986,Fosston,Minnesota,27119,3,1527
2722472,Frazee,Minnesota,27005,6,1350
2723948,Glencoe,Minnesota,27085,6,5631
2724074,Glenwood,Minnesota,27121,8,2564
2725118,Grand Rapids,Minnesota,27061,6,10869
2725280,Granite Falls,Minnesota,27173,9,2897
2726576,Hallock,Minnesota,27069,9,981
2727746,Hawley,Minnesota,27027,3,2067
2728124,Hector,Minnesota,27129,8,1151
2730644,Hutchinson,Minnesota,27085,6,14178
2731040,International Falls,Minnesota,27071,6,6424
2731562,Jackson,Minnesota,27063,7,3299
2731706,Janesville,Minnesota,27161,6,2256
2732498,Kasson,Minnesota,27039,3,5931
2732570,Keewatin,Minnesota,27061,6,1068
2732840,Kenyon,Minnesota,27049,4,1815
2734172,Lake City,Minnesota,27157,3,5063
2734190,Lake Crystal,Minnesota,27013,3,2549
2734316,Lakefield,Minnesota,27063,7,1694
2735450,Lanesboro,Minnesota,27045,3,754
2737448,Litchfield,Minnesota,27093,6,6726
2737448,Litchfield,Minnesota,27093,6,6574
2737556,Little Falls,Minnesota,27097,6,8343
2738060,Long Prairie,Minnesota,27153,6,3458
2738564,Luverne,Minnesota,27133,6,4745
2739230,Madelia,Minnesota,27165,6,2308
2739266,Madison,Minnesota,27073,9,1551
2739392,Mahnomen,Minnesota,27087,8,1214
2739878,Mankato,Minnesota,27013,3,39309
2740310,Mapleton,Minnesota,27013,3,1756
2740688,Marshall,Minnesota,27083,7,13680
2741570,Melrose,Minnesota,27145,3,3598
2743126,Minneota,Minnesota,27083,7,1392
2743720,Montevideo,Minnesota,27023,7,5383
2743864,Moorhead,Minnesota,27027,3,38065
2744044,Mora,Minnesota,27065,6,3571
2744242,Morris,Minnesota,27149,7,5286
2744566,Mountain Lake,Minnesota,27033,7,2104
2744980,Nashwauk,Minnesota,27061,6,983
2746042,New Ulm,Minnesota,27015,6,13522
2746924,Northfield,Minnesota,27131,4,20007
2747068,North Mankato,Minnesota,27103,3,13394
2748256,Olivia,Minnesota,27129,8,2484
2748706,Ortonville,Minnesota,27011,9,1916
2748796,Osakis,Minnesota,27041,6,1740
2749300,Owatonna,Minnesota,27147,5,25599
2749768,Park Rapids,Minnesota,27057,7,3709
2749966,Paynesville,Minnesota,27145,3,2432
2750164,Pelican Rapids,Minnesota,27111,6,2464
2750470,Perham,Minnesota,27111,6,2985
2751064,Pine City,Minnesota,27115,6,3123
2751136,Pine Island,Minnesota,27049,4,3263
2751388,Pipestone,Minnesota,27117,6,4317
2751424,Plainview,Minnesota,27157,3,3340
2752450,Preston,Minnesota,27045,3,1325
2753476,Red Lake Falls,Minnesota,27125,8,1427
2753620,Red Wing,Minnesota,27049,4,16459
2753656,Redwood Falls,Minnesota,27127,7,5254
2753890,Renville,Minnesota,27129,8,1287
2755546,Roseau,Minnesota,27135,7,2633
2756284,Rushford,Minnesota,27045,3,1731
2756788,St. Charles,Minnesota,27169,4,3735
2757040,St. James,Minnesota,27165,6,4605
2757130,St. Joseph,Minnesota,27145,3,6534
2758036,St. Peter,Minnesota,27103,3,11196
2758396,Sandstone,Minnesota,27115,6,2849
2758648,Sauk Centre,Minnesota,27145,3,4317
2758684,Sauk Rapids,Minnesota,27009,3,12773
2759620,Sherburn,Minnesota,27091,7,1137
2760808,Slayton,Minnesota,27101,9,2153
2760844,Sleepy Eye,Minnesota,27015,6,3599
2761816,Springfield,Minnesota,27015,6,2152
2762104,Spring Valley,Minnesota,27045,3,2479
2762446,Staples,Minnesota,27153,6,2981
2762806,Stewartville,Minnesota,27109,3,5916
2764570,Thief River Falls,Minnesota,27113,6,8573
2765308,Tracy,Minnesota,27083,7,2163
2765956,Two Harbors,Minnesota,27075,6,3745
2766046,Tyler,Minnesota,27081,9,1143
2767378,Wabasha,Minnesota,27157,3,2521
2767504,Wadena,Minnesota,27159,7,4088
2767612,Waite Park,Minnesota,27145,3,6715
2768170,Warren,Minnesota,27089,8,1563
2768224,Warroad,Minnesota,27135,7,1781
2768296,Waseca,Minnesota,27161,6,9410
2769106,Wells,Minnesota,27043,6,2343
2769844,Wheaton,Minnesota,27155,9,1424
2770420,Willmar,Minnesota,27067,4,19610
2770798,Windom,Minnesota,27033,7,4646
2770924,Winnebago,Minnesota,27043,6,1437
2771032,Winona,Minnesota,27169,4,27592
2771734,Worthington,Minnesota,27105,7,12764
2772328,Zumbrota,Minnesota,27049,4,3252
3700160,Aberdeen,North Carolina,37125,4,6350
3700500,Ahoskie,North Carolina,37091,6,5039
3700680,Albemarle,North Carolina,37167,6,15903
3701380,Andrews,North Carolina,37039,9,1781
3701400,Angier,North Carolina,37085,4,4350
3702580,Aulander,North Carolina,37015,7,895
3702840,Ayden,North Carolina,37147,3,4932
3704260,Beaufort,North Carolina,37031,4,4039
3704640,Belhaven,North Carolina,37013,6,1688
3705460,Bethel,North Carolina,37147,3,1577
3707080,Boone,North Carolina,37189,5,17122
3707720,Brevard,North Carolina,37175,6,7609
3708480,Bryson City,North Carolina,37173,8,1424
3709060,Burlington,North Carolina,37001,3,49963
3710680,Carthage,North Carolina,37125,4,2205
3711640,Chadbourn,North Carolina,37047,6,1856
3713240,Clinton,North Carolina,37163,6,8639
3713940,Columbia,North Carolina,37177,9,891
3718320,Dunn,North Carolina,37085,4,9263
3720120,Edenton,North Carolina,37041,6,5004
3720580,Elizabeth City,North Carolina,37139,4,18683
3720600,Elizabethtown,North Carolina,37017,6,3583
3720620,Elkin,North Carolina,37171,4,4001
3721360,Enfield,North Carolina,37083,4,2532
3722360,Fairmont,North Carolina,37155,4,2663
3722820,Farmville,North Carolina,37147,3,4654
3724080,Forest City,North Carolina,37161,4,7476
3724640,Franklin,North Carolina,37113,7,3845
3724900,Fremont,North Carolina,37191,3,1255
3725980,Gibsonville,North Carolina,37001,3,6410
3726880,Goldsboro,North Carolina,37191,3,36437
3727280,Graham,North Carolina,37001,3,14153
3729160,Hamlet,North Carolina,37153,5,6495
3730660,Henderson,North Carolina,37181,4,15368
3730900,Hertford,North Carolina,37143,8,2143
3735880,Kings Mountain,North Carolina,37045,4,10296
3735920,Kinston,North Carolina,37107,4,21677
3736400,La Grange,North Carolina,37107,4,2873
3737220,Laurinburg,North Carolina,37165,6,15962
3739700,Lumberton,North Carolina,37155,4,21542
3741420,Marion,North Carolina,37111,6,7838
3742020,Maxton,North Carolina,37155,4,2426
3742240,Mebane,North Carolina,37001,3,11393
3744320,Morehead City,North Carolina,37031,4,8661
3744800,Mount Airy,North Carolina,37171,4,10388
3744900,Mount Gilead,North Carolina,37123,6,1181
3745100,Mount Olive,North Carolina,37191,3,4589
3745640,Murfreesboro,North Carolina,37091,6,2835
3745660,Murphy,North Carolina,37039,9,1627
3746000,Nashville,North Carolina,37127,3,5352
3746340,New Bern,North Carolina,37049,3,29524
3747880,North Wilkesboro,North Carolina,37193,6,4245
3747980,Norwood,North Carolina,37167,6,2379
3749800,Oxford,North Carolina,37077,4,8461
3751820,Pilot Mountain,North Carolina,37171,4,1477
3753040,Plymouth,North Carolina,37187,7,3878
3755660,Red Springs,North Carolina,37155,4,3428
3756900,Roanoke Rapids,North Carolina,37083,4,15754
3757100,Robersonville,North Carolina,37117,6,1488
3757260,Rockingham,North Carolina,37153,5,9558
3757500,Rocky Mount,North Carolina,37127,3,57477
3758460,Rutherfordton,North Carolina,37161,4,4213
3758720,St. Pauls,North Carolina,37155,4,2035
3759280,Sanford,North Carolina,37105,4,28094
3759780,Scotland Neck,North Carolina,37083,4,2059
3761200,Shelby,North Carolina,37045,4,20323
3763120,Southern Pines,North Carolina,37125,4,12334
3763880,Spindale,North Carolina,37161,4,4321
3764160,Spring Hope,North Carolina,37127,3,1320
3764260,Spruce Pine,North Carolina,37121,7,2175
3766500,Sylva,North Carolina,37099,6,2588
3766520,Tabor City,North Carolina,37047,6,2511
3766700,Tarboro,North Carolina,37065,3,11415
3768520,Troy,North Carolina,37123,6,3189
3768580,Tryon,North Carolina,37149,8,1646
3770380,Wadesboro,North Carolina,37007,6,5813
3770720,Wallace,North Carolina,37061,6,3880
3771100,Warrenton,North Carolina,37185,8,862
3771160,Warsaw,North Carolina,37061,6,3054
3771220,Washington,North Carolina,37013,6,9744
3771780,Weldon,North Carolina,37083,4,1655
3773660,Whiteville,North Carolina,37047,6,5394
3774020,Wilkesboro,North Carolina,37193,6,3413
3774220,Williamston,North Carolina,37117,6,5511
3774540,Wilson,North Carolina,37195,4,49167
3774680,Windsor,North Carolina,37015,7,3630
3900198,Ada,Ohio,39065,6,5952
3900464,Adena,Ohio,39081,3,759
3902204,Antwerp,Ohio,39125,6,1736
3902330,Arcanum,Ohio,39037,6,2129
3902568,Ashland,Ohio,39005,4,20362
3902568,Ashland,Ohio,39005,4,21780
3902638,Ashtabula,Ohio,39007,4,19124
3902736,Athens,Ohio,39009,4,23832
3903926,Barnesville,Ohio,39013,3,4193
3905074,Bellaire,Ohio,39013,3,4278
3905130,Bellefontaine,Ohio,39091,6,13370
3905228,Bellevue,Ohio,39143,4,8202
3905284,Bellville,Ohio,39139,3,1918
3905424,Belpre,Ohio,39167,4,6441
3906138,Bethesda,Ohio,39013,3,1256
3906908,Blanchester,Ohio,39027,6,4243
3907426,Bluffton,Ohio,39003,3,4125
3908560,Bridgeport,Ohio,39013,3,1831
3909792,Bryan,Ohio,39171,6,8545
3910030,Bucyrus,Ohio,39033,4,12362
3910716,Byesville,Ohio,39059,6,2438
3910800,Cadiz,Ohio,39067,6,3353
3910940,Caldwell,Ohio,39121,7,1748
3910996,Cambridge,Ohio,39059,6,10635
3912112,Carey,Ohio,39175,7,3674
3912868,Celina,Ohio,39107,7,10400
3913778,Chauncey,Ohio,39009,4,1049
3914184,Chillicothe,Ohio,39141,4,21901
3916308,Clyde,Ohio,39143,4,6325
3916532,Coldwater,Ohio,39107,7,4427
3917036,Columbiana,Ohio,39029,4,6384
3918014,Columbus Grove,Ohio,39137,6,2137
3918350,Conneaut,Ohio,39007,4,12841
3918504,Continental,Ohio,39137,6,1153
3918868,Coshocton,Ohio,39031,6,11216
3919330,Crestline,Ohio,39033,4,4630
3919344,Creston,Ohio,39169,4,2171
3921308,Defiance,Ohio,39039,4,16494
3921602,Delphos,Ohio,39003,3,7101
3921714,Dennison,Ohio,39157,4,2655
3921812,Deshler,Ohio,39069,6,1799
3922456,Dover,Ohio,39157,4,12826
3922568,Doylestown,Ohio,39169,4,3051
3922610,Dresden,Ohio,39119,4,1529
3923730,East Liverpool,Ohio,39029,4,11195
3923940,East Palestine,Ohio,39029,4,4721
3924234,Eaton,Ohio,39135,6,8407
3924486,Edgerton,Ohio,39171,6,2012
3925144,Elmore,Ohio,39123,4,1410
3927048,Findlay,Ohio,39063,4,41202
3927552,Flushing,Ohio,39013,3,879
3927636,Forest,Ohio,39065,6,1461
3927902,Fort Recovery,Ohio,39107,7,1430
3928014,Fostoria,Ohio,39147,4,13441
3928658,Fredericktown,Ohio,39083,4,2493
3928826,Fremont,Ohio,39143,4,16734
3929162,Galion,Ohio,39033,4,10512
3929204,Gallipolis,Ohio,39053,6,3641
3929610,Geneva,Ohio,39007,4,6215
3929722,Genoa,Ohio,39123,4,2336
3930072,Gibsonburg,Ohio,39143,4,2581
3930674,Glouster,Ohio,39009,4,1791
3932088,Greenfield,Ohio,39071,6,4639
3932340,Greenville,Ohio,39037,6,13227
3935098,Hicksville,Ohio,39039,4,3581
3935560,Hillsboro,Ohio,39071,6,6605
3935854,Holgate,Ohio,39069,6,1109
3937016,Huron,Ohio,39043,4,7149
3937842,Jackson,Ohio,39079,7,6397
3938500,Jefferson,Ohio,39007,4,3120
3939886,Kenton,Ohio,39065,6,8262
3942560,Leetonia,Ohio,39029,4,1959
3942602,Leipsic,Ohio,39137,6,2093
3942938,Lewisburg,Ohio,39135,6,1820
3943554,Lima,Ohio,39003,3,38771
3944030,Lisbon,Ohio,39029,4,2821
3945066,Loudonville,Ohio,39005,4,2641
3945696,McArthur,Ohio,39163,8,1701
3945822,McConnelsville,Ohio,39115,6,1784
3947012,Manchester,Ohio,39001,6,2023
3947138,Mansfield,Ohio,39139,3,47821
3947502,Marblehead,Ohio,39123,4,903
3947628,Marietta,Ohio,39167,4,14085
3947754,Marion,Ohio,39101,4,36837
3948104,Martins Ferry,Ohio,39013,3,6915
3948706,Mechanicsburg,Ohio,39021,6,1644
3949756,Middleport,Ohio,39105,6,2530
3950372,Millersburg,Ohio,39075,7,3025
3950904,Mingo Junction,Ohio,39081,3,3454
3950918,Minster,Ohio,39011,4,2805
3951618,Monroeville,Ohio,39077,4,1400
3951772,Montpelier,Ohio,39171,6,4072
3953102,Mount Vernon,Ohio,39083,4,16990
3953550,Napoleon,Ohio,39069,6,8749
3953886,Nelsonville,Ohio,39009,4,5392
3954166,New Boston,Ohio,39145,4,2272
3954194,New Bremen,Ohio,39011,4,2978
3954334,New Carlisle,Ohio,39023,3,5785
3954432,Newcomerstown,Ohio,39157,4,3822
3954446,New Concord,Ohio,39119,4,2491
3954908,New London,Ohio,39077,4,2461
3955216,New Philadelphia,Ohio,39157,4,17288
3957302,Norwalk,Ohio,39077,4,17012
3957582,Oak Harbor,Ohio,39123,4,2759
3957596,Oak Hill,Ohio,39079,7,1551
3958828,Orrville,Ohio,39169,4,8380
3958982,Ottawa,Ohio,39137,6,4460
3961252,Paulding,Ohio,39125,6,3605
3961322,Payne,Ohio,39125,6,1194
3961420,Peebles,Ohio,39001,6,1782
3963800,Plymouth,Ohio,39077,4,1857
3963800,Plymouth,Ohio,39139,3,1857
3964024,Pomeroy,Ohio,39105,6,1852
3964150,Port Clinton,Ohio,39123,4,6056
3964304,Portsmouth,Ohio,39145,4,20226
3964542,Powhatan Point,Ohio,39013,3,1592
3964780,Prospect,Ohio,39101,4,1112
3967356,Rittman,Ohio,39169,4,6491
3967874,Rockford,Ohio,39107,7,1120
3969400,Sabina,Ohio,39027,6,2564
3969526,St. Clairsville,Ohio,39013,3,5184
3969680,St. Marys,Ohio,39011,4,8332
3969708,St. Paris,Ohio,39021,6,2089
3969834,Salem,Ohio,39029,4,12303
3970100,Salineville,Ohio,39029,4,1311
3970380,Sandusky,Ohio,39043,4,25793
3970814,Scio,Ohio,39067,6,763
3971640,Shadyside,Ohio,39013,3,3785
3972102,Shelby,Ohio,39139,3,9317
3972396,Shreve,Ohio,39169,4,1514
3972424,Sidney,Ohio,39149,4,21229
3972760,Smithfield,Ohio,39081,3,869
3973124,South Charleston,Ohio,39023,3,1693
3973894,South Zanesville,Ohio,39119,4,1989
3974034,Spencerville,Ohio,39003,3,2223
3974608,Steubenville,Ohio,39081,3,18659
3974958,Strasburg,Ohio,39157,4,2608
3976778,Tiffin,Ohio,39147,4,17963
3976806,Tiltonsville,Ohio,39081,3,1372
3977112,Toronto,Ohio,39081,3,5091
3978176,Uhrichsville,Ohio,39157,4,5413
3978624,Union City,Ohio,39037,6,1666
3979044,Upper Sandusky,Ohio,39175,7,6596
3979072,Urbana,Ohio,39021,6,11793
3979562,Van Wert,Ohio,39161,6,10846
3979912,Versailles,Ohio,39037,6,2687
3980766,Wapakoneta,Ohio,39011,4,9867
3981718,Washington Court House,Ohio,39047,6,14192
3981942,Waverly City,Ohio,39131,7,4408
3982712,Wellston,Ohio,39079,7,5663
3982740,Wellsville,Ohio,39029,4,3541
3983608,West Lafayette,Ohio,39031,6,2321
3983734,West Liberty,Ohio,39091,6,1805
3984294,West Union,Ohio,39001,6,3241
3985232,Willard,Ohio,39077,4,6236
3985792,Wilmington,Ohio,39027,6,12520
3986436,Woodsfield,Ohio,39111,8,2384
3986492,Woodville,Ohio,39143,4,2135
3986548,Wooster,Ohio,39169,4,26119
3987178,Yorkville,Ohio,39081,3,1079
3988084,Zanesville,Ohio,39119,4,25487
4801648,Albany,Texas,48417,8,2034
4801852,Alice,Texas,48249,4,19104
4802104,Alpine,Texas,48043,7,5905
4802188,Alto,Texas,48073,6,1225
4803372,Anson,Texas,48253,3,2430
4803696,Archer City,Texas,48009,3,1834
4804156,Arp,Texas,48423,3,970
4804300,Asherton,Texas,48127,6,1084
4804408,Aspermont,Texas,48433,9,919
4804504,Athens,Texas,48213,4,12710
4804516,Atlanta,Texas,48067,6,5675
4805336,Baird,Texas,48059,3,1496
4805456,Ballinger,Texas,48399,6,3767
4805984,Bay City,Texas,48321,4,17614
4807192,Beeville,Texas,48025,6,12863
4807528,Benavides,Texas,48131,7,1362
4808236,Big Spring,Texas,48227,4,27282
4809328,Bonham,Texas,48147,6,10127
4809556,Borger,Texas,48233,6,13251
4809640,Bowie,Texas,48337,6,5218
4809868,Brackettville,Texas,48271,7,1688
4809916,Brady,Texas,48307,7,5528
4810132,Breckenridge,Texas,48429,7,5780
4810144,Bremond,Texas,48395,3,929
4810156,Brenham,Texas,48477,6,15716
4810720,Brownfield,Texas,48445,6,9657
4810780,Brownwood,Texas,48049,5,19288
4811368,Burkburnett,Texas,48485,3,10811
4811464,Burnet,Texas,48053,6,5987
4811836,Caldwell,Texas,48051,3,4104
4811992,Calvert,Texas,48395,3,1192
4812040,Cameron,Texas,48331,6,5552
4812412,Canadian,Texas,48211,7,2649
4812988,Carrizo Springs,Texas,48127,6,5368
4813108,Carthage,Texas,48365,6,6779
4813732,Center,Texas,48419,7,5193
4814668,Childress,Texas,48075,7,6105
4815004,Cisco,Texas,48133,6,3899
4815112,Clarendon,Texas,48129,8,2026
4815160,Clarksville,Texas,48387,6,3285
4815472,Clifton,Texas,48035,6,3442
4815916,Coleman,Texas,48083,6,4709
4816120,Colorado City,Texas,48335,7,4146
4816168,Columbus,Texas,48089,6,3655
4816192,Comanche,Texas,48093,7,4335
4816564,Cooper,Texas,48119,8,1969
4817036,Corrigan,Texas,48373,6,1595
4817060,Corsicana,Texas,48349,4,23770
4817216,Cotulla,Texas,48283,6,3603
4817516,Crane,Texas,48103,6,3353
4817744,Crockett,Texas,48225,7,6950
4817816,Cross Plains,Texas,48059,3,982
4817948,Crowell,Texas,48155,9,948
4818020,Crystal City,Texas,48507,7,7138
4818092,Cuero,Texas,48123,6,6841
4818464,Daingerfield,Texas,48343,6,2560
4818524,Dalhart,Texas,48111,7,7930
4819420,Dawson,Texas,48349,4,807
4819648,De Kalb,Texas,48037,3,1699
4819672,De Leon,Texas,48093,7,2246
4819792,Del Rio,Texas,48465,5,35591
4819900,Denison,Texas,48181,3,22682
4820308,Diboll,Texas,48005,5,4776
4820428,Dilley,Texas,48163,6,3894
4821484,Dublin,Texas,48143,4,3654
4821556,Dumas,Texas,48341,7,14691
4821844,Eagle Lake,Texas,48089,6,3639
4821892,Eagle Pass,Texas,48323,5,26248
4822132,Eastland,Texas,48133,6,3960
4822552,Eden,Texas,48095,8,2766
4822720,Edna,Texas,48239,6,5499
4822864,El Campo,Texas,48481,4,11602
4822960,Eldorado,Texas,48413,8,1951
4822984,Electra,Texas,48485,3,2791
4825104,Fairfield,Texas,48161,7,2951
4826028,Flatonia,Texas,48149,6,1383
4826268,Floydada,Texas,48153,6,3038
4826808,Fort Stockton,Texas,48371,7,8283
4827288,Franklin,Texas,48395,3,1564
4827300,Frankston,Texas,48001,7,1229
4827348,Fredericksburg,Texas,48171,7,10530
4827432,Freer,Texas,48131,7,2818
4827984,Gainesville,Texas,48097,6,16002
4829432,Giddings,Texas,48287,6,4881
4829564,Gilmer,Texas,48459,3,4905
4829660,Gladewater,Texas,48183,3,6441
4830056,Goldthwaite,Texas,48333,9,1878
4830080,Goliad,Texas,48175,3,1908
4830116,Gonzales,Texas,48177,6,7237
4830308,Gorman,Texas,48133,6,1083
4830392,Graham,Texas,48503,7,8903
4830476,Grand Saline,Texas,48467,6,3136
4830632,Grapeland,Texas,48225,7,1489
4831280,Groesbeck,Texas,48293,6,4328
4831340,Groveton,Texas,48455,7,1057
4831820,Hale Center,Texas,48189,4,2252
4831868,Hallettsville,Texas,48285,6,2550
4831952,Hamilton,Texas,48193,6,3095
4831964,Hamlin,Texas,48253,3,2124
4832696,Haskell,Texas,48207,6,3322
4832972,Hearne,Texas,48395,3,4459
4833212,Henderson,Texas,48401,3,13712
4833284,Henrietta,Texas,48077,3,3141
4833320,Hereford,Texas,48117,6,15370
4833548,Hico,Texas,48193,6,1379
4834088,Hillsboro,Texas,48217,6,8456
4834700,Honey Grove,Texas,48147,6,1668
4835180,Hubbard,Texas,48217,6,1423
4835528,Huntsville,Texas,48471,4,38548
4836104,Iowa Park,Texas,48485,3,6355
4837084,Itasca,Texas,48217,6,1644
4837168,Jacksboro,Texas,48237,6,4511
4837216,Jacksonville,Texas,48073,6,14544
4837420,Jasper,Texas,48241,6,7590
4837528,Jefferson,Texas,48315,8,2106
4838248,Junction,Texas,48267,7,2574
4838452,Karnes City,Texas,48255,6,3042
4838860,Kenedy,Texas,48255,6,3296
4838992,Kerens,Texas,48349,4,1573
4839004,Kermit,Texas,48495,6,5708
4839040,Kerrville,Texas,48265,4,22347
4839124,Kilgore,Texas,48183,3,12975
4839352,Kingsville,Texas,48273,4,26213
4839460,Kirbyville,Texas,48241,6,2142
4839700,Knox City,Texas,48275,9,1130
4840276,La Grange,Texas,48149,6,4641
4841164,Lamesa,Texas,48115,7,9422
4842352,Leonard,Texas,48147,6,1990
4842448,Levelland,Texas,48219,6,13542
4842844,Linden,Texas,48067,6,1988
4843024,Littlefield,Texas,48279,6,6372
4843132,Livingston,Texas,48373,6,5335
4843144,Llano,Texas,48299,7,3232
4843252,Lockney,Texas,48153,6,1842
4845072,Lufkin,Texas,48005,5,35067
4845432,McCamey,Texas,48461,8,1887
4845780,McLean,Texas,48179,6,778
4845996,Madisonville,Texas,48313,6,4396
4846584,Marble Falls,Texas,48053,6,6077
4846620,Marfa,Texas,48377,7,1981
4846776,Marshall,Texas,48203,4,23523
4847616,Memphis,Texas,48191,9,2290
4847628,Menard,Texas,48327,9,1471
4847760,Meridian,Texas,48035,6,1493
4847796,Merkel,Texas,48441,3,2590
4847916,Mexia,Texas,48293,6,7459
4848648,Mineola,Texas,48499,6,4515
4848684,Mineral Wells,Texas,48363,6,16788
4848936,Monahans,Texas,48475,6,6953
4849464,Morton,Texas,48079,9,2006
4849800,Mount Pleasant,Texas,48449,7,15564
4849860,Mount Vernon,Texas,48159,7,2662
4849968,Muleshoe,Texas,48017,7,5158
4850040,Munday,Texas,48275,9,1300
4850256,Nacogdoches,Texas,48347,5,32996
4850472,Navasota,Texas,48185,6,7049
4850808,New Boston,Texas,48037,3,4550
4851588,Nixon,Texas,48177,6,2385
4851648,Nocona,Texas,48337,6,3033
4854000,Olney,Texas,48503,7,3285
4854432,Overton,Texas,48401,3,2554
4854600,Paducah,Texas,48101,9,1186
4854684,Palacios,Texas,48321,4,4718
4854708,Palestine,Texas,48001,7,18712
4854912,Pampa,Texas,48179,6,17994
4855080,Paris,Texas,48277,5,25171
4856384,Pearsall,Texas,48163,6,9146
4856516,Pecos,Texas,48389,7,8780
4856912,Perryton,Texas,48357,7,8802
4857908,Pittsburg,Texas,48063,6,4497
4857980,Plainview,Texas,48189,4,22194
4858916,Port Lavaca,Texas,48057,6,12248
4859012,Post,Texas,48169,6,5376
4859384,Premont,Texas,48249,4,2653
4859396,Presidio,Texas,48377,7,4426
4860044,Quanah,Texas,48197,9,2641
4860632,Ranger,Texas,48133,6,2468
4860836,Raymondville,Texas,48489,6,11284
4861436,Refugio,Texas,48391,6,2890
4862252,Rising Star,Texas,48133,6,835
4862672,Rockdale,Texas,48331,6,5595
4862816,Rocksprings,Texas,48137,9,1182
4863020,Roma,Texas,48427,4,9765
4863176,Roscoe,Texas,48353,6,1322
4863464,Rotan,Texas,48151,8,1508
4863788,Runge,Texas,48255,6,1031
4863848,Rusk,Texas,48073,6,5551
4864004,Sabinal,Texas,48463,6,1695
4864184,St. Jo,Texas,48337,6,1043
4865024,San Augustine,Texas,48405,9,2108
4865180,San Diego,Texas,48131,7,4488
4865648,San Saba,Texas,48411,7,3099
4865672,Santa Anna,Texas,48083,6,1099
4866188,Schulenburg,Texas,48149,6,2852
4866440,Seagraves,Texas,48165,7,2417
4866764,Seminole,Texas,48165,7,6430
4866968,Seymour,Texas,48023,8,2740
4867160,Shamrock,Texas,48483,9,1910
4867496,Sherman,Texas,48181,3,38521
4867640,Shiner,Texas,48285,6,2069
4868624,Snyder,Texas,48415,7,11202
4868720,Somerville,Texas,48051,3,1376
4868756,Sonora,Texas,48435,7,3027
4869476,Spearman,Texas,48195,7,3368
4869848,Spur,Texas,48125,8,1318
4869980,Stamford,Texas,48253,3,3124
4870040,Stanton,Texas,48317,3,2492
4870208,Stephenville,Texas,48143,4,17123
4870772,Sudan,Texas,48279,6,958
4870904,Sulphur Springs,Texas,48223,6,15449
4871540,Sweetwater,Texas,48353,6,10906
4872020,Teague,Texas,48161,7,3560
4872368,Texarkana,Texas,48037,3,36411
4872776,Thorndale,Texas,48331,6,1336
4872872,Three Rivers,Texas,48297,8,1848
4872896,Throckmorton,Texas,48447,9,828
4873076,Timpson,Texas,48419,7,1155
4873664,Trinity,Texas,48455,7,2697
4873724,Troup,Texas,48423,3,1869
4873868,Tulia,Texas,48437,6,4967
4874588,Uvalde,Texas,48463,6,15751
4874924,Van Alstyne,Texas,48181,3,3046
4875032,Van Horn,Texas,48109,9,2063
4875308,Vernon,Texas,48487,6,11002
4876024,Waelder,Texas,48177,6,1065
4877020,Weimar,Texas,48089,6,2151
4877152,Wellington,Texas,48087,9,2189
4878136,Wharton,Texas,48481,4,8832
4878532,Whitesboro,Texas,48181,3,3793
4878628,Whitewright,Texas,48181,3,1604
4879564,Wills Point,Texas,48467,6,3524
4879768,Wink,Texas,48495,6,940
4879816,Winnsboro,Texas,48499,6,3434
4879876,Winters,Texas,48399,6,2562
4880176,Woodsboro,Texas,48391,6,1512
4880212,Woodville,Texas,48457,6,2586
4880296,Wortham,Texas,48161,7,1073
4880560,Yoakum,Texas,48285,6,5815
4880584,Yorktown,Texas,48123,6,2092
5102040,Appalachia,Virginia,51195,7,1754
5107480,Big Stone Gap,Virginia,51195,7,5614
5107784,Blacksburg,Virginia,51121,3,42620
5107832,Blackstone,Virginia,51135,6,3621
5108152,Bluefield,Virginia,51185,5,5444
5111032,Buena Vista,Virginia,51530,6,6650
5112808,Cape Charles,Virginia,51131,8,1009
5114968,Charlottesville,Virginia,51540,3,43475
5114984,Chase City,Virginia,51117,7,2351
5115000,Chatham,Virginia,51143,4,1269
5116512,Chincoteague,Virginia,51001,8,2941
5116608,Christiansburg,Virginia,51121,3,21041
5117440,Clifton Forge,Virginia,51005,6,3884
5117552,Clintwood,Virginia,51051,9,1414
5118400,Colonial Beach,Virginia,51193,6,3542
5119728,Covington,Virginia,51580,6,5961
5120160,Crewe,Virginia,51135,6,2326
5121344,Danville,Virginia,51590,4,43055
5125408,Elkton,Virginia,51165,3,2726
5125808,Emporia,Virginia,51595,6,5927
5127440,Farmville,Virginia,51147,6,8216
5129600,Franklin,Virginia,51620,6,8582
5130208,Galax,Virginia,51640,7,7042
5133648,Grundy,Virginia,51027,9,1021
5135624,Harrisonburg,Virginia,51660,3,48914
5144520,Lawrenceville,Virginia,51025,6,1438
5145512,Lexington,Virginia,51678,6,7042
5147528,Luray,Virginia,51139,6,4895
5149464,Marion,Virginia,51173,7,5968
5149784,Martinsville,Virginia,51690,4,13821
5154904,Narrows,Virginia,51071,3,2029
5157688,Norton,Virginia,51720,7,3958
5159336,Onancock,Virginia,51001,8,1263
5159496,Orange,Virginia,51137,6,4721
5161560,Pennington Gap,Virginia,51105,8,1781
5164880,Pulaski,Virginia,51155,3,9086
5165392,Radford,Virginia,51750,3,16408
5166928,Richlands,Virginia,51185,5,5823
5170096,Saltville,Virginia,51173,7,2077
5171776,Shenandoah,Virginia,51139,6,2373
5173712,South Boston,Virginia,51083,6,8142
5173904,South Hill,Virginia,51117,7,4650
5175216,Staunton,Virginia,51790,3,23746
5176000,Strasburg,Virginia,51171,6,6398
5177792,Tazewell,Virginia,51185,5,4627
5181024,Victoria,Virginia,51111,9,1725
5183680,Waynesboro,Virginia,51820,3,21006
5186720,Winchester,Virginia,51840,3,26203
5187072,Wise,Virginia,51195,7,3286
5187712,Woodstock,Virginia,51171,6,5097
5188000,Wytheville,Virginia,51197,6,8211
5500275,Adams,Wisconsin,55001,8,1967
5501225,Alma,Wisconsin,55011,8,781
5501550,Altoona,Wisconsin,55035,3,6706
5501725,Amery,Wisconsin,55095,6,2902
5502250,Antigo,Wisconsin,55067,6,8234
5502500,Arcadia,Wisconsin,55121,6,2925
5503225,Ashland,Wisconsin,55003,7,8216
5503825,Augusta,Wisconsin,55035,3,1550
5504625,Baraboo,Wisconsin,55111,4,12048
5504875,Barron,Wisconsin,55005,6,3423
5505900,Beaver Dam,Wisconsin,55027,4,16214
5506500,Beloit,Wisconsin,55105,3,36966
5506925,Berlin,Wisconsin,55047,6,5524
5507900,Black River Falls,Wisconsin,55053,6,3622
5508225,Bloomer,Wisconsin,55017,3,3539
5508850,Boscobel,Wisconsin,55043,6,3231
5509725,Brillion,Wisconsin,55015,3,3148
5511200,Burlington,Wisconsin,55101,3,10464
5512325,Campbellsport,Wisconsin,55039,3,2016
5514325,Chetek,Wisconsin,55005,6,2221
5514475,Chilton,Wisconsin,55015,3,3933
5514575,Chippewa Falls,Wisconsin,55017,3,13661
5515725,Clintonville,Wisconsin,55135,6,4559
5517100,Cornell,Wisconsin,55017,3,1467
5517425,Crandon,Wisconsin,55041,9,1920
5517950,Cuba City,Wisconsin,55043,6,2086
5518025,Cumberland,Wisconsin,55005,6,2170
5518875,Darlington,Wisconsin,55065,8,2451
5519450,Delavan,Wisconsin,55127,4,8463
5521225,Durand,Wisconsin,55091,8,1931
5521625,Eagle River,Wisconsin,55125,9,1398
5522575,Edgerton,Wisconsin,55105,3,5461
5523300,Elkhorn,Wisconsin,55127,4,10084
5523800,Elroy,Wisconsin,55057,7,1442
5524550,Evansville,Wisconsin,55105,3,5012
5525600,Fennimore,Wisconsin,55043,6,2497
5526275,Fond du Lac,Wisconsin,55039,3,43021
5526675,Fort Atkinson,Wisconsin,55055,4,12368
5527000,Fox Lake,Wisconsin,55027,4,1519
5528200,Galesville,Wisconsin,55121,6,1481
5533450,Hayward,Wisconsin,55113,7,2318
5534825,Hillsboro,Wisconsin,55123,6,1417
5535750,Horicon,Wisconsin,55027,4,3655
5536525,Hurley,Wisconsin,55051,9,1547
5536800,Independence,Wisconsin,55121,6,1336
5537900,Jefferson,Wisconsin,55055,4,7973
5538675,Juneau,Wisconsin,55027,4,2814
5538800,Kaukauna,Wisconsin,55087,3,15462
5539525,Kiel,Wisconsin,55071,4,3738
5539650,Kimberly,Wisconsin,55087,3,6468
5540275,Kohler,Wisconsin,55117,3,2120
5540775,La Crosse,Wisconsin,55063,3,51320
5540850,Ladysmith,Wisconsin,55107,6,3414
5541450,Lake Geneva,Wisconsin,55127,4,7651
5541675,Lake Mills,Wisconsin,55055,4,5708
5542250,Lancaster,Wisconsin,55043,6,3868
5544950,Little Chute,Wisconsin,55087,3,10449
5548500,Manitowoc,Wisconsin,55071,4,33736
5549300,Marinette,Wisconsin,55075,6,10968
5549400,Marion,Wisconsin,55135,6,1260
5549675,Marshfield,Wisconsin,55141,4,19118
5550025,Mauston,Wisconsin,55057,7,4423
5550200,Mayville,Wisconsin,55027,4,5154
5550425,Medford,Wisconsin,55119,6,4326
5550825,Menasha,Wisconsin,55139,3,17353
5551025,Menomonie,Wisconsin,55033,6,16264
5551250,Merrill,Wisconsin,55069,6,9661
5552200,Milton,Wisconsin,55105,3,5546
5553600,Mondovi,Wisconsin,55011,8,2777
5553875,Montello,Wisconsin,55077,8,1495
5554075,Montreal,Wisconsin,55051,9,807
5554500,Mosinee,Wisconsin,55073,3,3988
5555750,Neenah,Wisconsin,55139,3,25501
5555800,Neillsville,Wisconsin,55019,6,2463
5555875,Nekoosa,Wisconsin,55141,4,2580
5556800,New Holstein,Wisconsin,55015,3,3236
5556900,New Lisbon,Wisconsin,55057,7,2554
5556925,New London,Wisconsin,55135,6,7295
5557325,Niagara,Wisconsin,55075,6,1624
5558000,North Fond du Lac,Wisconsin,55039,3,5014
5559875,Omro,Wisconsin,55139,3,3517
5559925,Onalaska,Wisconsin,55063,3,17736
5560575,Osseo,Wisconsin,55121,6,1701
5560825,Owen,Wisconsin,55019,6,940
5561200,Park Falls,Wisconsin,55099,9,2462
5562175,Peshtigo,Wisconsin,55075,6,3502
5562450,Phillips,Wisconsin,55099,9,1478
5563250,Platteville,Wisconsin,55043,6,11224
5563700,Plymouth,Wisconsin,55117,3,8445
5564175,Port Edwards,Wisconsin,55141,4,1818
5565050,Prairie du Chien,Wisconsin,55023,7,5911
5565100,Prairie du Sac,Wisconsin,55111,4,3972
5565600,Princeton,Wisconsin,55047,6,1214
5566150,Randolph,Wisconsin,55027,4,1811
5566800,Reedsburg,Wisconsin,55111,4,9200
5567200,Rhinelander,Wisconsin,55085,7,7798
5567275,Rib Lake,Wisconsin,55119,6,910
5567350,Rice Lake,Wisconsin,55005,6,8438
5567625,Richland Center,Wisconsin,55103,6,5184
5568175,Ripon,Wisconsin,55039,3,7733
5570550,St. Croix Falls,Wisconsin,55095,6,2133
5571650,Sauk City,Wisconsin,55111,4,3410
5572150,Schofield,Wisconsin,55073,3,2169
5572670,Seymour,Wisconsin,55035,3,3451
5572670,Seymour,Wisconsin,55035,3,3209
5572725,Seymour,Wisconsin,55087,3,3451
5572725,Seymour,Wisconsin,55087,3,3209
5572925,Shawano,Wisconsin,55115,6,9305
5572975,Sheboygan,Wisconsin,55117,3,49288
5573025,Sheboygan Falls,Wisconsin,55117,3,7775
5573825,Shullsburg,Wisconsin,55065,8,1226
5575325,Sparta,Wisconsin,55081,6,9522
5575625,Spooner,Wisconsin,55129,7,2682
5576625,Stanley,Wisconsin,55017,3,3608
5577200,Stevens Point,Wisconsin,55097,4,26717
5577875,Sturgeon Bay,Wisconsin,55029,6,9144
5579625,Thorp,Wisconsin,55019,6,1621
5580075,Tomah,Wisconsin,55081,6,9093
5580125,Tomahawk,Wisconsin,55069,6,3397
5581325,Two Rivers,Wisconsin,55071,4,11712
5582925,Viroqua,Wisconsin,55123,6,4362
5583525,Washburn,Wisconsin,55007,8,2117
5583925,Waterloo,Wisconsin,55055,4,3333
5583975,Watertown,Wisconsin,55055,4,23861
5584375,Waupaca,Wisconsin,55135,6,6069
5584425,Waupun,Wisconsin,55027,4,11340
5584475,Wausau,Wisconsin,55073,3,39106
5584625,Wautoma,Wisconsin,55137,6,2218
5585475,Westby,Wisconsin,55123,6,2200
5586275,West Salem,Wisconsin,55063,3,4799
5586400,Weyauwega,Wisconsin,55135,6,1900
5586725,Whitehall,Wisconsin,55121,6,1558
5586925,Whitewater,Wisconsin,55127,4,14390
5588200,Wisconsin Rapids,Wisconsin,55141,4,18367
