name,year,cz,msp,msp_yr
Ackley,1997,561,0,0
Ackley,1998,561,0,0
Ackley,1999,561,0,0
Ackley,2000,561,0,0
Ackley,2001,561,0,0
Ackley,2002,561,0,0
Ackley,2003,561,0,0
Ackley,2004,561,0,0
Ackley,2005,561,0,0
Ackley,2006,561,0,0
Ackley,2007,561,0,0
Ackley,2008,561,0,0
Ackley,2009,561,0,0
Ackley,2010,561,0,0
Ackley,2011,561,0,0
Ackley,2012,561,0,0
Ackley,2013,561,0,0
Ackley,2014,561,0,0
Ackley,2015,561,0,0
Ackley,2016,561,0,0
Ackley,2017,561,0,0
Afton,1997,509,0,0
Afton,1998,509,0,0
Afton,1999,509,0,0
Afton,2000,509,0,0
Afton,2001,509,0,0
Afton,2002,509,0,0
Afton,2003,509,0,0
Afton,2004,509,0,0
Afton,2005,509,0,0
Afton,2006,509,0,0
Afton,2007,509,0,0
Afton,2008,509,0,0
Afton,2009,509,0,0
Afton,2010,509,0,0
Afton,2011,509,0,0
Afton,2012,509,0,0
Afton,2013,509,0,0
Afton,2014,509,0,0
Afton,2015,509,0,0
Afton,2016,509,0,0
Afton,2017,509,0,0
Akron,1997,4,0,0
Akron,1998,4,0,0
Akron,1999,4,0,0
Akron,2000,4,0,0
Akron,2001,4,0,0
Akron,2002,4,0,0
Akron,2003,4,0,0
Akron,2004,4,0,0
Akron,2005,4,0,0
Akron,2006,4,0,0
Akron,2007,4,0,0
Akron,2008,4,0,0
Akron,2009,4,0,0
Akron,2010,4,0,0
Akron,2011,4,0,0
Akron,2012,4,0,0
Akron,2013,4,0,0
Akron,2014,4,0,0
Akron,2015,4,0,0
Akron,2016,4,0,0
Akron,2017,4,0,0
Albia,1997,393,0,0
Albia,1998,393,0,0
Albia,1999,393,0,0
Albia,2000,393,0,0
Albia,2001,393,0,0
Albia,2002,393,0,0
Albia,2003,393,0,0
Albia,2004,393,0,0
Albia,2005,393,0,0
Albia,2006,393,0,0
Albia,2007,393,0,0
Albia,2008,393,0,0
Albia,2009,393,0,0
Albia,2010,393,0,0
Albia,2011,393,0,0
Albia,2012,393,0,0
Albia,2013,393,0,0
Albia,2014,393,0,0
Albia,2015,393,0,0
Albia,2016,393,0,0
Albia,2017,393,0,0
Algona,1997,518,0,0
Algona,1998,518,0,0
Algona,1999,518,0,0
Algona,2000,518,0,0
Algona,2001,518,0,0
Algona,2002,518,0,0
Algona,2003,518,0,0
Algona,2004,518,0,0
Algona,2005,518,0,0
Algona,2006,518,0,0
Algona,2007,518,0,0
Algona,2008,518,0,0
Algona,2009,518,0,0
Algona,2010,518,0,0
Algona,2011,518,0,0
Algona,2012,518,0,0
Algona,2013,518,0,0
Algona,2014,518,0,0
Algona,2015,518,0,0
Algona,2016,518,0,0
Algona,2017,518,0,0
Alta,1997,564,0,0
Alta,1998,564,0,0
Alta,1999,564,0,0
Alta,2000,564,0,0
Alta,2001,564,0,0
Alta,2002,564,0,0
Alta,2003,564,0,0
Alta,2004,564,0,0
Alta,2005,564,0,0
Alta,2006,564,0,0
Alta,2007,564,0,0
Alta,2008,564,0,0
Alta,2009,564,0,0
Alta,2010,564,0,0
Alta,2011,564,0,0
Alta,2012,564,0,0
Alta,2013,564,0,0
Alta,2014,564,0,0
Alta,2015,564,0,0
Alta,2016,564,0,0
Alta,2017,564,0,0
Alton,1997,504,0,0
Alton,1998,504,0,0
Alton,1999,504,0,0
Alton,2000,504,0,0
Alton,2001,504,0,0
Alton,2002,504,0,0
Alton,2003,504,0,0
Alton,2004,504,0,0
Alton,2005,504,0,0
Alton,2006,504,0,0
Alton,2007,504,0,0
Alton,2008,504,0,0
Alton,2009,504,0,0
Alton,2010,504,0,0
Alton,2011,504,0,0
Alton,2012,504,0,0
Alton,2013,504,0,0
Alton,2014,504,0,0
Alton,2015,504,0,0
Alton,2016,504,0,0
Alton,2017,504,0,0
Anita,1997,597,0,0
Anita,1998,597,0,0
Anita,1999,597,0,0
Anita,2000,597,0,0
Anita,2001,597,0,0
Anita,2002,597,0,0
Anita,2003,597,0,0
Anita,2004,597,0,0
Anita,2005,597,0,0
Anita,2006,597,0,0
Anita,2007,597,0,0
Anita,2008,597,0,0
Anita,2009,597,0,0
Anita,2010,597,0,0
Anita,2011,597,0,0
Anita,2012,597,0,0
Anita,2013,597,0,0
Anita,2014,597,0,0
Anita,2015,597,0,0
Anita,2016,597,0,0
Anita,2017,597,0,0
Atlantic,1997,597,0,0
Atlantic,1998,597,0,0
Atlantic,1999,597,0,0
Atlantic,2000,597,0,0
Atlantic,2001,597,0,0
Atlantic,2002,597,0,0
Atlantic,2003,597,0,0
Atlantic,2004,597,0,0
Atlantic,2005,597,0,0
Atlantic,2006,597,0,0
Atlantic,2007,597,0,0
Atlantic,2008,597,0,0
Atlantic,2009,597,0,0
Atlantic,2010,597,0,0
Atlantic,2011,597,0,0
Atlantic,2012,597,0,0
Atlantic,2013,597,0,0
Atlantic,2014,597,0,0
Atlantic,2015,597,0,0
Atlantic,2016,597,0,0
Atlantic,2017,597,0,0
Audubon,1997,597,0,0
Audubon,1998,597,0,0
Audubon,1999,597,0,0
Audubon,2000,597,0,0
Audubon,2001,597,0,0
Audubon,2002,597,0,0
Audubon,2003,597,0,0
Audubon,2004,597,0,0
Audubon,2005,597,0,0
Audubon,2006,597,0,0
Audubon,2007,597,0,0
Audubon,2008,597,0,0
Audubon,2009,597,0,0
Audubon,2010,597,0,0
Audubon,2011,597,0,0
Audubon,2012,597,0,0
Audubon,2013,597,0,0
Audubon,2014,597,0,0
Audubon,2015,597,0,0
Audubon,2016,597,0,0
Audubon,2017,597,0,0
Bedford,1997,509,0,0
Bedford,1998,509,0,0
Bedford,1999,509,0,0
Bedford,2000,509,0,0
Bedford,2001,509,0,0
Bedford,2002,509,0,0
Bedford,2003,509,0,0
Bedford,2004,509,0,0
Bedford,2005,509,0,0
Bedford,2006,509,0,0
Bedford,2007,509,0,0
Bedford,2008,509,0,0
Bedford,2009,509,0,0
Bedford,2010,509,0,0
Bedford,2011,509,0,0
Bedford,2012,509,0,0
Bedford,2013,509,0,0
Bedford,2014,509,0,0
Bedford,2015,509,0,0
Bedford,2016,509,0,0
Bedford,2017,509,0,0
Bellevue,1997,344,0,0
Bellevue,1998,344,0,0
Bellevue,1999,344,0,0
Bellevue,2000,344,0,0
Bellevue,2001,344,0,0
Bellevue,2002,344,0,0
Bellevue,2003,344,0,0
Bellevue,2004,344,0,0
Bellevue,2005,344,0,0
Bellevue,2006,344,0,0
Bellevue,2007,344,0,0
Bellevue,2008,344,0,0
Bellevue,2009,344,0,0
Bellevue,2010,344,0,0
Bellevue,2011,344,0,0
Bellevue,2012,344,0,0
Bellevue,2013,344,0,0
Bellevue,2014,344,0,0
Bellevue,2015,344,0,0
Bellevue,2016,344,0,0
Bellevue,2017,344,0,0
Belmond,1997,401,0,0
Belmond,1998,401,0,0
Belmond,1999,401,0,0
Belmond,2000,401,0,0
Belmond,2001,401,0,0
Belmond,2002,401,0,0
Belmond,2003,401,0,0
Belmond,2004,401,0,0
Belmond,2005,401,0,0
Belmond,2006,401,0,0
Belmond,2007,401,0,0
Belmond,2008,401,0,0
Belmond,2009,401,0,0
Belmond,2010,401,0,0
Belmond,2011,401,0,0
Belmond,2012,401,0,0
Belmond,2013,401,0,0
Belmond,2014,401,0,0
Belmond,2015,401,0,0
Belmond,2016,401,0,0
Belmond,2017,401,0,0
Bloomfield,1997,393,1,1995
Bloomfield,1998,393,1,1995
Bloomfield,1999,393,1,1995
Bloomfield,2000,393,1,1995
Bloomfield,2001,393,1,1995
Bloomfield,2002,393,1,1995
Bloomfield,2003,393,1,1995
Bloomfield,2004,393,1,1995
Bloomfield,2005,393,1,1995
Bloomfield,2006,393,1,1995
Bloomfield,2007,393,1,1995
Bloomfield,2008,393,1,1995
Bloomfield,2009,393,1,1995
Bloomfield,2010,393,1,1995
Bloomfield,2011,393,1,1995
Bloomfield,2012,393,1,1995
Bloomfield,2013,393,1,1995
Bloomfield,2014,393,1,1995
Bloomfield,2015,393,1,1995
Bloomfield,2016,393,1,1995
Bloomfield,2017,393,1,1995
Boone,1997,15,0,0
Boone,1998,15,0,0
Boone,1999,15,0,0
Boone,2000,15,0,0
Boone,2001,15,0,0
Boone,2002,15,0,0
Boone,2003,15,0,0
Boone,2004,15,0,0
Boone,2005,15,0,0
Boone,2006,15,0,0
Boone,2007,15,0,0
Boone,2008,15,0,0
Boone,2009,15,0,0
Boone,2010,15,0,0
Boone,2011,15,0,0
Boone,2012,15,0,0
Boone,2013,15,0,0
Boone,2014,15,0,0
Boone,2015,15,0,0
Boone,2016,15,0,0
Boone,2017,15,0,0
Britt,1997,304,0,0
Britt,1998,304,0,0
Britt,1999,304,0,0
Britt,2000,304,0,0
Britt,2001,304,0,0
Britt,2002,304,0,0
Britt,2003,304,0,0
Britt,2004,304,0,0
Britt,2005,304,0,0
Britt,2006,304,0,0
Britt,2007,304,0,0
Britt,2008,304,0,0
Britt,2009,304,0,0
Britt,2010,304,0,0
Britt,2011,304,0,0
Britt,2012,304,0,0
Britt,2013,304,0,0
Britt,2014,304,0,0
Britt,2015,304,0,0
Britt,2016,304,0,0
Britt,2017,304,0,0
Brooklyn,1997,455,0,0
Brooklyn,1998,455,0,0
Brooklyn,1999,455,0,0
Brooklyn,2000,455,0,0
Brooklyn,2001,455,0,0
Brooklyn,2002,455,0,0
Brooklyn,2003,455,0,0
Brooklyn,2004,455,0,0
Brooklyn,2005,455,0,0
Brooklyn,2006,455,0,0
Brooklyn,2007,455,0,0
Brooklyn,2008,455,0,0
Brooklyn,2009,455,0,0
Brooklyn,2010,455,0,0
Brooklyn,2011,455,0,0
Brooklyn,2012,455,0,0
Brooklyn,2013,455,0,0
Brooklyn,2014,455,0,0
Brooklyn,2015,455,0,0
Brooklyn,2016,455,0,0
Brooklyn,2017,455,0,0
Burlington,1997,192,1,1986
Burlington,1998,192,1,1986
Burlington,1999,192,1,1986
Burlington,2000,192,1,1986
Burlington,2001,192,1,1986
Burlington,2002,192,1,1986
Burlington,2003,192,1,1986
Burlington,2004,192,1,1986
Burlington,2005,192,1,1986
Burlington,2006,192,1,1986
Burlington,2007,192,1,1986
Burlington,2008,192,1,1986
Burlington,2009,192,1,1986
Burlington,2010,192,1,1986
Burlington,2011,192,1,1986
Burlington,2012,192,1,1986
Burlington,2013,192,1,1986
Burlington,2014,192,1,1986
Burlington,2015,192,1,1986
Burlington,2016,192,1,1986
Burlington,2017,192,1,1986
Calmar,1997,507,0,0
Calmar,1998,507,0,0
Calmar,1999,507,0,0
Calmar,2000,507,0,0
Calmar,2001,507,0,0
Calmar,2002,507,0,0
Calmar,2003,507,0,0
Calmar,2004,507,0,0
Calmar,2005,507,0,0
Calmar,2006,507,0,0
Calmar,2007,507,0,0
Calmar,2008,507,0,0
Calmar,2009,507,0,0
Calmar,2010,507,0,0
Calmar,2011,507,0,0
Calmar,2012,507,0,0
Calmar,2013,507,0,0
Calmar,2014,507,0,0
Calmar,2015,507,0,0
Calmar,2016,507,0,0
Calmar,2017,507,0,0
Carroll,1997,621,0,0
Carroll,1998,621,0,0
Carroll,1999,621,0,0
Carroll,2000,621,0,0
Carroll,2001,621,0,0
Carroll,2002,621,0,0
Carroll,2003,621,0,0
Carroll,2004,621,0,0
Carroll,2005,621,0,0
Carroll,2006,621,0,0
Carroll,2007,621,0,0
Carroll,2008,621,0,0
Carroll,2009,621,0,0
Carroll,2010,621,0,0
Carroll,2011,621,0,0
Carroll,2012,621,0,0
Carroll,2013,621,0,0
Carroll,2014,621,0,0
Carroll,2015,621,0,0
Carroll,2016,621,0,0
Carroll,2017,621,0,0
Cascade,1997,344,0,0
Cascade,1998,344,0,0
Cascade,1999,344,0,0
Cascade,2000,344,0,0
Cascade,2001,344,0,0
Cascade,2002,344,0,0
Cascade,2003,344,0,0
Cascade,2004,344,0,0
Cascade,2005,344,0,0
Cascade,2006,344,0,0
Cascade,2007,344,0,0
Cascade,2008,344,0,0
Cascade,2009,344,0,0
Cascade,2010,344,0,0
Cascade,2011,344,0,0
Cascade,2012,344,0,0
Cascade,2013,344,0,0
Cascade,2014,344,0,0
Cascade,2015,344,0,0
Cascade,2016,344,0,0
Cascade,2017,344,0,0
Centerville,1997,393,1,2015
Centerville,1998,393,1,2015
Centerville,1999,393,1,2015
Centerville,2000,393,1,2015
Centerville,2001,393,1,2015
Centerville,2002,393,1,2015
Centerville,2003,393,1,2015
Centerville,2004,393,1,2015
Centerville,2005,393,1,2015
Centerville,2006,393,1,2015
Centerville,2007,393,1,2015
Centerville,2008,393,1,2015
Centerville,2009,393,1,2015
Centerville,2010,393,1,2015
Centerville,2011,393,1,2015
Centerville,2012,393,1,2015
Centerville,2013,393,1,2015
Centerville,2014,393,1,2015
Centerville,2015,393,1,2015
Centerville,2016,393,1,2015
Centerville,2017,393,1,2015
Chariton,1997,526,1,2012
Chariton,1998,526,1,2012
Chariton,1999,526,1,2012
Chariton,2000,526,1,2012
Chariton,2001,526,1,2012
Chariton,2002,526,1,2012
Chariton,2003,526,1,2012
Chariton,2004,526,1,2012
Chariton,2005,526,1,2012
Chariton,2006,526,1,2012
Chariton,2007,526,1,2012
Chariton,2008,526,1,2012
Chariton,2009,526,1,2012
Chariton,2010,526,1,2012
Chariton,2011,526,1,2012
Chariton,2012,526,1,2012
Chariton,2013,526,1,2012
Chariton,2014,526,1,2012
Chariton,2015,526,1,2012
Chariton,2016,526,1,2012
Chariton,2017,526,1,2012
Charles City,1997,507,1,1996
Charles City,1998,507,1,1996
Charles City,1999,507,1,1996
Charles City,2000,507,1,1996
Charles City,2001,507,1,1996
Charles City,2002,507,1,1996
Charles City,2003,507,1,1996
Charles City,2004,507,1,1996
Charles City,2005,507,1,1996
Charles City,2006,507,1,1996
Charles City,2007,507,1,1996
Charles City,2008,507,1,1996
Charles City,2009,507,1,1996
Charles City,2010,507,1,1996
Charles City,2011,507,1,1996
Charles City,2012,507,1,1996
Charles City,2013,507,1,1996
Charles City,2014,507,1,1996
Charles City,2015,507,1,1996
Charles City,2016,507,1,1996
Charles City,2017,507,1,1996
Cherokee,1997,564,0,0
Cherokee,1998,564,0,0
Cherokee,1999,564,0,0
Cherokee,2000,564,0,0
Cherokee,2001,564,0,0
Cherokee,2002,564,0,0
Cherokee,2003,564,0,0
Cherokee,2004,564,0,0
Cherokee,2005,564,0,0
Cherokee,2006,564,0,0
Cherokee,2007,564,0,0
Cherokee,2008,564,0,0
Cherokee,2009,564,0,0
Cherokee,2010,564,0,0
Cherokee,2011,564,0,0
Cherokee,2012,564,0,0
Cherokee,2013,564,0,0
Cherokee,2014,564,0,0
Cherokee,2015,564,0,0
Cherokee,2016,564,0,0
Cherokee,2017,564,0,0
Clarinda,1997,295,0,0
Clarinda,1998,295,0,0
Clarinda,1999,295,0,0
Clarinda,2000,295,0,0
Clarinda,2001,295,0,0
Clarinda,2002,295,0,0
Clarinda,2003,295,0,0
Clarinda,2004,295,0,0
Clarinda,2005,295,0,0
Clarinda,2006,295,0,0
Clarinda,2007,295,0,0
Clarinda,2008,295,0,0
Clarinda,2009,295,0,0
Clarinda,2010,295,0,0
Clarinda,2011,295,0,0
Clarinda,2012,295,0,0
Clarinda,2013,295,0,0
Clarinda,2014,295,0,0
Clarinda,2015,295,0,0
Clarinda,2016,295,0,0
Clarinda,2017,295,0,0
Clarion,1997,401,0,0
Clarion,1998,401,0,0
Clarion,1999,401,0,0
Clarion,2000,401,0,0
Clarion,2001,401,0,0
Clarion,2002,401,0,0
Clarion,2003,401,0,0
Clarion,2004,401,0,0
Clarion,2005,401,0,0
Clarion,2006,401,0,0
Clarion,2007,401,0,0
Clarion,2008,401,0,0
Clarion,2009,401,0,0
Clarion,2010,401,0,0
Clarion,2011,401,0,0
Clarion,2012,401,0,0
Clarion,2013,401,0,0
Clarion,2014,401,0,0
Clarion,2015,401,0,0
Clarion,2016,401,0,0
Clarion,2017,401,0,0
Clarksville,1997,230,0,0
Clarksville,1998,230,0,0
Clarksville,1999,230,0,0
Clarksville,2000,230,0,0
Clarksville,2001,230,0,0
Clarksville,2002,230,0,0
Clarksville,2003,230,0,0
Clarksville,2004,230,0,0
Clarksville,2005,230,0,0
Clarksville,2006,230,0,0
Clarksville,2007,230,0,0
Clarksville,2008,230,0,0
Clarksville,2009,230,0,0
Clarksville,2010,230,0,0
Clarksville,2011,230,0,0
Clarksville,2012,230,0,0
Clarksville,2013,230,0,0
Clarksville,2014,230,0,0
Clarksville,2015,230,0,0
Clarksville,2016,230,0,0
Clarksville,2017,230,0,0
Clear Lake,1997,304,0,0
Clear Lake,1998,304,0,0
Clear Lake,1999,304,0,0
Clear Lake,2000,304,0,0
Clear Lake,2001,304,0,0
Clear Lake,2002,304,0,0
Clear Lake,2003,304,0,0
Clear Lake,2004,304,0,0
Clear Lake,2005,304,0,0
Clear Lake,2006,304,0,0
Clear Lake,2007,304,0,0
Clear Lake,2008,304,0,0
Clear Lake,2009,304,0,0
Clear Lake,2010,304,0,0
Clear Lake,2011,304,0,0
Clear Lake,2012,304,0,0
Clear Lake,2013,304,0,0
Clear Lake,2014,304,0,0
Clear Lake,2015,304,0,0
Clear Lake,2016,304,0,0
Clear Lake,2017,304,0,0
Clinton,1997,344,0,0
Clinton,1998,344,0,0
Clinton,1999,344,0,0
Clinton,2000,344,0,0
Clinton,2001,344,0,0
Clinton,2002,344,0,0
Clinton,2003,344,0,0
Clinton,2004,344,0,0
Clinton,2005,344,0,0
Clinton,2006,344,0,0
Clinton,2007,344,0,0
Clinton,2008,344,0,0
Clinton,2009,344,0,0
Clinton,2010,344,0,0
Clinton,2011,344,0,0
Clinton,2012,344,0,0
Clinton,2013,344,0,0
Clinton,2014,344,0,0
Clinton,2015,344,0,0
Clinton,2016,344,0,0
Clinton,2017,344,0,0
Colfax,1997,455,1,2009
Colfax,1998,455,1,2009
Colfax,1999,455,1,2009
Colfax,2000,455,1,2009
Colfax,2001,455,1,2009
Colfax,2002,455,1,2009
Colfax,2003,455,1,2009
Colfax,2004,455,1,2009
Colfax,2005,455,1,2009
Colfax,2006,455,1,2009
Colfax,2007,455,1,2009
Colfax,2008,455,1,2009
Colfax,2009,455,1,2009
Colfax,2010,455,1,2009
Colfax,2011,455,1,2009
Colfax,2012,455,1,2009
Colfax,2013,455,1,2009
Colfax,2014,455,1,2009
Colfax,2015,455,1,2009
Colfax,2016,455,1,2009
Colfax,2017,455,1,2009
Coon Rapids,1997,621,0,0
Coon Rapids,1998,621,0,0
Coon Rapids,1999,621,0,0
Coon Rapids,2000,621,0,0
Coon Rapids,2001,621,0,0
Coon Rapids,2002,621,0,0
Coon Rapids,2003,621,0,0
Coon Rapids,2004,621,0,0
Coon Rapids,2005,621,0,0
Coon Rapids,2006,621,0,0
Coon Rapids,2007,621,0,0
Coon Rapids,2008,621,0,0
Coon Rapids,2009,621,0,0
Coon Rapids,2010,621,0,0
Coon Rapids,2011,621,0,0
Coon Rapids,2012,621,0,0
Coon Rapids,2013,621,0,0
Coon Rapids,2014,621,0,0
Coon Rapids,2015,621,0,0
Coon Rapids,2016,621,0,0
Coon Rapids,2017,621,0,0
Corning,1997,509,1,1990
Corning,1998,509,1,1990
Corning,1999,509,1,1990
Corning,2000,509,1,1990
Corning,2001,509,1,1990
Corning,2002,509,1,1990
Corning,2003,509,1,1990
Corning,2004,509,1,1990
Corning,2005,509,1,1990
Corning,2006,509,1,1990
Corning,2007,509,1,1990
Corning,2008,509,1,1990
Corning,2009,509,1,1990
Corning,2010,509,1,1990
Corning,2011,509,1,1990
Corning,2012,509,1,1990
Corning,2013,509,1,1990
Corning,2014,509,1,1990
Corning,2015,509,1,1990
Corning,2016,509,1,1990
Corning,2017,509,1,1990
Correctionville,1997,4,0,0
Correctionville,1998,4,0,0
Correctionville,1999,4,0,0
Correctionville,2000,4,0,0
Correctionville,2001,4,0,0
Correctionville,2002,4,0,0
Correctionville,2003,4,0,0
Correctionville,2004,4,0,0
Correctionville,2005,4,0,0
Correctionville,2006,4,0,0
Correctionville,2007,4,0,0
Correctionville,2008,4,0,0
Correctionville,2009,4,0,0
Correctionville,2010,4,0,0
Correctionville,2011,4,0,0
Correctionville,2012,4,0,0
Correctionville,2013,4,0,0
Correctionville,2014,4,0,0
Correctionville,2015,4,0,0
Correctionville,2016,4,0,0
Correctionville,2017,4,0,0
Corydon,1997,526,0,0
Corydon,1998,526,0,0
Corydon,1999,526,0,0
Corydon,2000,526,0,0
Corydon,2001,526,0,0
Corydon,2002,526,0,0
Corydon,2003,526,0,0
Corydon,2004,526,0,0
Corydon,2005,526,0,0
Corydon,2006,526,0,0
Corydon,2007,526,0,0
Corydon,2008,526,0,0
Corydon,2009,526,0,0
Corydon,2010,526,0,0
Corydon,2011,526,0,0
Corydon,2012,526,0,0
Corydon,2013,526,0,0
Corydon,2014,526,0,0
Corydon,2015,526,0,0
Corydon,2016,526,0,0
Corydon,2017,526,0,0
Cresco,1997,507,0,0
Cresco,1998,507,0,0
Cresco,1999,507,0,0
Cresco,2000,507,0,0
Cresco,2001,507,0,0
Cresco,2002,507,0,0
Cresco,2003,507,0,0
Cresco,2004,507,0,0
Cresco,2005,507,0,0
Cresco,2006,507,0,0
Cresco,2007,507,0,0
Cresco,2008,507,0,0
Cresco,2009,507,0,0
Cresco,2010,507,0,0
Cresco,2011,507,0,0
Cresco,2012,507,0,0
Cresco,2013,507,0,0
Cresco,2014,507,0,0
Cresco,2015,507,0,0
Cresco,2016,507,0,0
Cresco,2017,507,0,0
Creston,1997,509,0,0
Creston,1998,509,0,0
Creston,1999,509,0,0
Creston,2000,509,0,0
Creston,2001,509,0,0
Creston,2002,509,0,0
Creston,2003,509,0,0
Creston,2004,509,0,0
Creston,2005,509,0,0
Creston,2006,509,0,0
Creston,2007,509,0,0
Creston,2008,509,0,0
Creston,2009,509,0,0
Creston,2010,509,0,0
Creston,2011,509,0,0
Creston,2012,509,0,0
Creston,2013,509,0,0
Creston,2014,509,0,0
Creston,2015,509,0,0
Creston,2016,509,0,0
Creston,2017,509,0,0
De Witt,1997,344,0,0
De Witt,1998,344,0,0
De Witt,1999,344,0,0
De Witt,2000,344,0,0
De Witt,2001,344,0,0
De Witt,2002,344,0,0
De Witt,2003,344,0,0
De Witt,2004,344,0,0
De Witt,2005,344,0,0
De Witt,2006,344,0,0
De Witt,2007,344,0,0
De Witt,2008,344,0,0
De Witt,2009,344,0,0
De Witt,2010,344,0,0
De Witt,2011,344,0,0
De Witt,2012,344,0,0
De Witt,2013,344,0,0
De Witt,2014,344,0,0
De Witt,2015,344,0,0
De Witt,2016,344,0,0
De Witt,2017,344,0,0
Decorah,1997,507,0,0
Decorah,1998,507,0,0
Decorah,1999,507,0,0
Decorah,2000,507,0,0
Decorah,2001,507,0,0
Decorah,2002,507,0,0
Decorah,2003,507,0,0
Decorah,2004,507,0,0
Decorah,2005,507,0,0
Decorah,2006,507,0,0
Decorah,2007,507,0,0
Decorah,2008,507,0,0
Decorah,2009,507,0,0
Decorah,2010,507,0,0
Decorah,2011,507,0,0
Decorah,2012,507,0,0
Decorah,2013,507,0,0
Decorah,2014,507,0,0
Decorah,2015,507,0,0
Decorah,2016,507,0,0
Decorah,2017,507,0,0
Denison,1997,564,0,0
Denison,1998,564,0,0
Denison,1999,564,0,0
Denison,2000,564,0,0
Denison,2001,564,0,0
Denison,2002,564,0,0
Denison,2003,564,0,0
Denison,2004,564,0,0
Denison,2005,564,0,0
Denison,2006,564,0,0
Denison,2007,564,0,0
Denison,2008,564,0,0
Denison,2009,564,0,0
Denison,2010,564,0,0
Denison,2011,564,0,0
Denison,2012,564,0,0
Denison,2013,564,0,0
Denison,2014,564,0,0
Denison,2015,564,0,0
Denison,2016,564,0,0
Denison,2017,564,0,0
Dyersville,1997,344,0,0
Dyersville,1998,344,0,0
Dyersville,1999,344,0,0
Dyersville,2000,344,0,0
Dyersville,2001,344,0,0
Dyersville,2002,344,0,0
Dyersville,2003,344,0,0
Dyersville,2004,344,0,0
Dyersville,2005,344,0,0
Dyersville,2006,344,0,0
Dyersville,2007,344,0,0
Dyersville,2008,344,0,0
Dyersville,2009,344,0,0
Dyersville,2010,344,0,0
Dyersville,2011,344,0,0
Dyersville,2012,344,0,0
Dyersville,2013,344,0,0
Dyersville,2014,344,0,0
Dyersville,2015,344,0,0
Dyersville,2016,344,0,0
Dyersville,2017,344,0,0
Eagle Grove,1997,401,0,0
Eagle Grove,1998,401,0,0
Eagle Grove,1999,401,0,0
Eagle Grove,2000,401,0,0
Eagle Grove,2001,401,0,0
Eagle Grove,2002,401,0,0
Eagle Grove,2003,401,0,0
Eagle Grove,2004,401,0,0
Eagle Grove,2005,401,0,0
Eagle Grove,2006,401,0,0
Eagle Grove,2007,401,0,0
Eagle Grove,2008,401,0,0
Eagle Grove,2009,401,0,0
Eagle Grove,2010,401,0,0
Eagle Grove,2011,401,0,0
Eagle Grove,2012,401,0,0
Eagle Grove,2013,401,0,0
Eagle Grove,2014,401,0,0
Eagle Grove,2015,401,0,0
Eagle Grove,2016,401,0,0
Eagle Grove,2017,401,0,0
Eldon,1997,393,0,0
Eldon,1998,393,0,0
Eldon,1999,393,0,0
Eldon,2000,393,0,0
Eldon,2001,393,0,0
Eldon,2002,393,0,0
Eldon,2003,393,0,0
Eldon,2004,393,0,0
Eldon,2005,393,0,0
Eldon,2006,393,0,0
Eldon,2007,393,0,0
Eldon,2008,393,0,0
Eldon,2009,393,0,0
Eldon,2010,393,0,0
Eldon,2011,393,0,0
Eldon,2012,393,0,0
Eldon,2013,393,0,0
Eldon,2014,393,0,0
Eldon,2015,393,0,0
Eldon,2016,393,0,0
Eldon,2017,393,0,0
Eldora,1997,561,0,0
Eldora,1998,561,0,0
Eldora,1999,561,0,0
Eldora,2000,561,0,0
Eldora,2001,561,0,0
Eldora,2002,561,0,0
Eldora,2003,561,0,0
Eldora,2004,561,0,0
Eldora,2005,561,0,0
Eldora,2006,561,0,0
Eldora,2007,561,0,0
Eldora,2008,561,0,0
Eldora,2009,561,0,0
Eldora,2010,561,0,0
Eldora,2011,561,0,0
Eldora,2012,561,0,0
Eldora,2013,561,0,0
Eldora,2014,561,0,0
Eldora,2015,561,0,0
Eldora,2016,561,0,0
Eldora,2017,561,0,0
Elkader,1997,470,1,1991
Elkader,1998,470,1,1991
Elkader,1999,470,1,1991
Elkader,2000,470,1,1991
Elkader,2001,470,1,1991
Elkader,2002,470,1,1991
Elkader,2003,470,1,1991
Elkader,2004,470,1,1991
Elkader,2005,470,1,1991
Elkader,2006,470,1,1991
Elkader,2007,470,1,1991
Elkader,2008,470,1,1991
Elkader,2009,470,1,1991
Elkader,2010,470,1,1991
Elkader,2011,470,1,1991
Elkader,2012,470,1,1991
Elkader,2013,470,1,1991
Elkader,2014,470,1,1991
Elkader,2015,470,1,1991
Elkader,2016,470,1,1991
Elkader,2017,470,1,1991
Emmetsburg,1997,518,0,0
Emmetsburg,1998,518,0,0
Emmetsburg,1999,518,0,0
Emmetsburg,2000,518,0,0
Emmetsburg,2001,518,0,0
Emmetsburg,2002,518,0,0
Emmetsburg,2003,518,0,0
Emmetsburg,2004,518,0,0
Emmetsburg,2005,518,0,0
Emmetsburg,2006,518,0,0
Emmetsburg,2007,518,0,0
Emmetsburg,2008,518,0,0
Emmetsburg,2009,518,0,0
Emmetsburg,2010,518,0,0
Emmetsburg,2011,518,0,0
Emmetsburg,2012,518,0,0
Emmetsburg,2013,518,0,0
Emmetsburg,2014,518,0,0
Emmetsburg,2015,518,0,0
Emmetsburg,2016,518,0,0
Emmetsburg,2017,518,0,0
Estherville,1997,518,0,0
Estherville,1998,518,0,0
Estherville,1999,518,0,0
Estherville,2000,518,0,0
Estherville,2001,518,0,0
Estherville,2002,518,0,0
Estherville,2003,518,0,0
Estherville,2004,518,0,0
Estherville,2005,518,0,0
Estherville,2006,518,0,0
Estherville,2007,518,0,0
Estherville,2008,518,0,0
Estherville,2009,518,0,0
Estherville,2010,518,0,0
Estherville,2011,518,0,0
Estherville,2012,518,0,0
Estherville,2013,518,0,0
Estherville,2014,518,0,0
Estherville,2015,518,0,0
Estherville,2016,518,0,0
Estherville,2017,518,0,0
Exira,1997,597,0,0
Exira,1998,597,0,0
Exira,1999,597,0,0
Exira,2000,597,0,0
Exira,2001,597,0,0
Exira,2002,597,0,0
Exira,2003,597,0,0
Exira,2004,597,0,0
Exira,2005,597,0,0
Exira,2006,597,0,0
Exira,2007,597,0,0
Exira,2008,597,0,0
Exira,2009,597,0,0
Exira,2010,597,0,0
Exira,2011,597,0,0
Exira,2012,597,0,0
Exira,2013,597,0,0
Exira,2014,597,0,0
Exira,2015,597,0,0
Exira,2016,597,0,0
Exira,2017,597,0,0
Fairfield,1997,478,0,0
Fairfield,1998,478,0,0
Fairfield,1999,478,0,0
Fairfield,2000,478,0,0
Fairfield,2001,478,0,0
Fairfield,2002,478,0,0
Fairfield,2003,478,0,0
Fairfield,2004,478,0,0
Fairfield,2005,478,0,0
Fairfield,2006,478,0,0
Fairfield,2007,478,0,0
Fairfield,2008,478,0,0
Fairfield,2009,478,0,0
Fairfield,2010,478,0,0
Fairfield,2011,478,0,0
Fairfield,2012,478,0,0
Fairfield,2013,478,0,0
Fairfield,2014,478,0,0
Fairfield,2015,478,0,0
Fairfield,2016,478,0,0
Fairfield,2017,478,0,0
Fayette,1997,230,0,0
Fayette,1998,230,0,0
Fayette,1999,230,0,0
Fayette,2000,230,0,0
Fayette,2001,230,0,0
Fayette,2002,230,0,0
Fayette,2003,230,0,0
Fayette,2004,230,0,0
Fayette,2005,230,0,0
Fayette,2006,230,0,0
Fayette,2007,230,0,0
Fayette,2008,230,0,0
Fayette,2009,230,0,0
Fayette,2010,230,0,0
Fayette,2011,230,0,0
Fayette,2012,230,0,0
Fayette,2013,230,0,0
Fayette,2014,230,0,0
Fayette,2015,230,0,0
Fayette,2016,230,0,0
Fayette,2017,230,0,0
Forest City,1997,304,0,0
Forest City,1998,304,0,0
Forest City,1999,304,0,0
Forest City,2000,304,0,0
Forest City,2001,304,0,0
Forest City,2002,304,0,0
Forest City,2003,304,0,0
Forest City,2004,304,0,0
Forest City,2005,304,0,0
Forest City,2006,304,0,0
Forest City,2007,304,0,0
Forest City,2008,304,0,0
Forest City,2009,304,0,0
Forest City,2010,304,0,0
Forest City,2011,304,0,0
Forest City,2012,304,0,0
Forest City,2013,304,0,0
Forest City,2014,304,0,0
Forest City,2015,304,0,0
Forest City,2016,304,0,0
Forest City,2017,304,0,0
Fort Dodge,1997,401,0,0
Fort Dodge,1998,401,0,0
Fort Dodge,1999,401,0,0
Fort Dodge,2000,401,0,0
Fort Dodge,2001,401,0,0
Fort Dodge,2002,401,0,0
Fort Dodge,2003,401,0,0
Fort Dodge,2004,401,0,0
Fort Dodge,2005,401,0,0
Fort Dodge,2006,401,0,0
Fort Dodge,2007,401,0,0
Fort Dodge,2008,401,0,0
Fort Dodge,2009,401,0,0
Fort Dodge,2010,401,0,0
Fort Dodge,2011,401,0,0
Fort Dodge,2012,401,0,0
Fort Dodge,2013,401,0,0
Fort Dodge,2014,401,0,0
Fort Dodge,2015,401,0,0
Fort Dodge,2016,401,0,0
Fort Dodge,2017,401,0,0
Fort Madison,1997,192,1,2009
Fort Madison,1998,192,1,2009
Fort Madison,1999,192,1,2009
Fort Madison,2000,192,1,2009
Fort Madison,2001,192,1,2009
Fort Madison,2002,192,1,2009
Fort Madison,2003,192,1,2009
Fort Madison,2004,192,1,2009
Fort Madison,2005,192,1,2009
Fort Madison,2006,192,1,2009
Fort Madison,2007,192,1,2009
Fort Madison,2008,192,1,2009
Fort Madison,2009,192,1,2009
Fort Madison,2010,192,1,2009
Fort Madison,2011,192,1,2009
Fort Madison,2012,192,1,2009
Fort Madison,2013,192,1,2009
Fort Madison,2014,192,1,2009
Fort Madison,2015,192,1,2009
Fort Madison,2016,192,1,2009
Fort Madison,2017,192,1,2009
Garner,1997,304,0,0
Garner,1998,304,0,0
Garner,1999,304,0,0
Garner,2000,304,0,0
Garner,2001,304,0,0
Garner,2002,304,0,0
Garner,2003,304,0,0
Garner,2004,304,0,0
Garner,2005,304,0,0
Garner,2006,304,0,0
Garner,2007,304,0,0
Garner,2008,304,0,0
Garner,2009,304,0,0
Garner,2010,304,0,0
Garner,2011,304,0,0
Garner,2012,304,0,0
Garner,2013,304,0,0
Garner,2014,304,0,0
Garner,2015,304,0,0
Garner,2016,304,0,0
Garner,2017,304,0,0
George,1997,504,0,0
George,1998,504,0,0
George,1999,504,0,0
George,2000,504,0,0
George,2001,504,0,0
George,2002,504,0,0
George,2003,504,0,0
George,2004,504,0,0
George,2005,504,0,0
George,2006,504,0,0
George,2007,504,0,0
George,2008,504,0,0
George,2009,504,0,0
George,2010,504,0,0
George,2011,504,0,0
George,2012,504,0,0
George,2013,504,0,0
George,2014,504,0,0
George,2015,504,0,0
George,2016,504,0,0
George,2017,504,0,0
Gowrie,1997,401,0,0
Gowrie,1998,401,0,0
Gowrie,1999,401,0,0
Gowrie,2000,401,0,0
Gowrie,2001,401,0,0
Gowrie,2002,401,0,0
Gowrie,2003,401,0,0
Gowrie,2004,401,0,0
Gowrie,2005,401,0,0
Gowrie,2006,401,0,0
Gowrie,2007,401,0,0
Gowrie,2008,401,0,0
Gowrie,2009,401,0,0
Gowrie,2010,401,0,0
Gowrie,2011,401,0,0
Gowrie,2012,401,0,0
Gowrie,2013,401,0,0
Gowrie,2014,401,0,0
Gowrie,2015,401,0,0
Gowrie,2016,401,0,0
Gowrie,2017,401,0,0
Grand Junction,1997,621,0,0
Grand Junction,1998,621,0,0
Grand Junction,1999,621,0,0
Grand Junction,2000,621,0,0
Grand Junction,2001,621,0,0
Grand Junction,2002,621,0,0
Grand Junction,2003,621,0,0
Grand Junction,2004,621,0,0
Grand Junction,2005,621,0,0
Grand Junction,2006,621,0,0
Grand Junction,2007,621,0,0
Grand Junction,2008,621,0,0
Grand Junction,2009,621,0,0
Grand Junction,2010,621,0,0
Grand Junction,2011,621,0,0
Grand Junction,2012,621,0,0
Grand Junction,2013,621,0,0
Grand Junction,2014,621,0,0
Grand Junction,2015,621,0,0
Grand Junction,2016,621,0,0
Grand Junction,2017,621,0,0
Greene,1997,230,0,0
Greene,1998,230,0,0
Greene,1999,230,0,0
Greene,2000,230,0,0
Greene,2001,230,0,0
Greene,2002,230,0,0
Greene,2003,230,0,0
Greene,2004,230,0,0
Greene,2005,230,0,0
Greene,2006,230,0,0
Greene,2007,230,0,0
Greene,2008,230,0,0
Greene,2009,230,0,0
Greene,2010,230,0,0
Greene,2011,230,0,0
Greene,2012,230,0,0
Greene,2013,230,0,0
Greene,2014,230,0,0
Greene,2015,230,0,0
Greene,2016,230,0,0
Greene,2017,230,0,0
Greenfield,1997,15,1,1995
Greenfield,1998,15,1,1995
Greenfield,1999,15,1,1995
Greenfield,2000,15,1,1995
Greenfield,2001,15,1,1995
Greenfield,2002,15,1,1995
Greenfield,2003,15,1,1995
Greenfield,2004,15,1,1995
Greenfield,2005,15,1,1995
Greenfield,2006,15,1,1995
Greenfield,2007,15,1,1995
Greenfield,2008,15,1,1995
Greenfield,2009,15,1,1995
Greenfield,2010,15,1,1995
Greenfield,2011,15,1,1995
Greenfield,2012,15,1,1995
Greenfield,2013,15,1,1995
Greenfield,2014,15,1,1995
Greenfield,2015,15,1,1995
Greenfield,2016,15,1,1995
Greenfield,2017,15,1,1995
Grinnell,1997,455,0,0
Grinnell,1998,455,0,0
Grinnell,1999,455,0,0
Grinnell,2000,455,0,0
Grinnell,2001,455,0,0
Grinnell,2002,455,0,0
Grinnell,2003,455,0,0
Grinnell,2004,455,0,0
Grinnell,2005,455,0,0
Grinnell,2006,455,0,0
Grinnell,2007,455,0,0
Grinnell,2008,455,0,0
Grinnell,2009,455,0,0
Grinnell,2010,455,0,0
Grinnell,2011,455,0,0
Grinnell,2012,455,0,0
Grinnell,2013,455,0,0
Grinnell,2014,455,0,0
Grinnell,2015,455,0,0
Grinnell,2016,455,0,0
Grinnell,2017,455,0,0
Griswold,1997,597,0,0
Griswold,1998,597,0,0
Griswold,1999,597,0,0
Griswold,2000,597,0,0
Griswold,2001,597,0,0
Griswold,2002,597,0,0
Griswold,2003,597,0,0
Griswold,2004,597,0,0
Griswold,2005,597,0,0
Griswold,2006,597,0,0
Griswold,2007,597,0,0
Griswold,2008,597,0,0
Griswold,2009,597,0,0
Griswold,2010,597,0,0
Griswold,2011,597,0,0
Griswold,2012,597,0,0
Griswold,2013,597,0,0
Griswold,2014,597,0,0
Griswold,2015,597,0,0
Griswold,2016,597,0,0
Griswold,2017,597,0,0
Grundy Center,1997,230,1,2015
Grundy Center,1998,230,1,2015
Grundy Center,1999,230,1,2015
Grundy Center,2000,230,1,2015
Grundy Center,2001,230,1,2015
Grundy Center,2002,230,1,2015
Grundy Center,2003,230,1,2015
Grundy Center,2004,230,1,2015
Grundy Center,2005,230,1,2015
Grundy Center,2006,230,1,2015
Grundy Center,2007,230,1,2015
Grundy Center,2008,230,1,2015
Grundy Center,2009,230,1,2015
Grundy Center,2010,230,1,2015
Grundy Center,2011,230,1,2015
Grundy Center,2012,230,1,2015
Grundy Center,2013,230,1,2015
Grundy Center,2014,230,1,2015
Grundy Center,2015,230,1,2015
Grundy Center,2016,230,1,2015
Grundy Center,2017,230,1,2015
Guttenberg,1997,470,0,0
Guttenberg,1998,470,0,0
Guttenberg,1999,470,0,0
Guttenberg,2000,470,0,0
Guttenberg,2001,470,0,0
Guttenberg,2002,470,0,0
Guttenberg,2003,470,0,0
Guttenberg,2004,470,0,0
Guttenberg,2005,470,0,0
Guttenberg,2006,470,0,0
Guttenberg,2007,470,0,0
Guttenberg,2008,470,0,0
Guttenberg,2009,470,0,0
Guttenberg,2010,470,0,0
Guttenberg,2011,470,0,0
Guttenberg,2012,470,0,0
Guttenberg,2013,470,0,0
Guttenberg,2014,470,0,0
Guttenberg,2015,470,0,0
Guttenberg,2016,470,0,0
Guttenberg,2017,470,0,0
Hamburg,1997,295,0,0
Hamburg,1998,295,0,0
Hamburg,1999,295,0,0
Hamburg,2000,295,0,0
Hamburg,2001,295,0,0
Hamburg,2002,295,0,0
Hamburg,2003,295,0,0
Hamburg,2004,295,0,0
Hamburg,2005,295,0,0
Hamburg,2006,295,0,0
Hamburg,2007,295,0,0
Hamburg,2008,295,0,0
Hamburg,2009,295,0,0
Hamburg,2010,295,0,0
Hamburg,2011,295,0,0
Hamburg,2012,295,0,0
Hamburg,2013,295,0,0
Hamburg,2014,295,0,0
Hamburg,2015,295,0,0
Hamburg,2016,295,0,0
Hamburg,2017,295,0,0
Hampton,1997,561,1,1991
Hampton,1998,561,1,1991
Hampton,1999,561,1,1991
Hampton,2000,561,1,1991
Hampton,2001,561,1,1991
Hampton,2002,561,1,1991
Hampton,2003,561,1,1991
Hampton,2004,561,1,1991
Hampton,2005,561,1,1991
Hampton,2006,561,1,1991
Hampton,2007,561,1,1991
Hampton,2008,561,1,1991
Hampton,2009,561,1,1991
Hampton,2010,561,1,1991
Hampton,2011,561,1,1991
Hampton,2012,561,1,1991
Hampton,2013,561,1,1991
Hampton,2014,561,1,1991
Hampton,2015,561,1,1991
Hampton,2016,561,1,1991
Hampton,2017,561,1,1991
Harlan,1997,597,0,0
Harlan,1998,597,0,0
Harlan,1999,597,0,0
Harlan,2000,597,0,0
Harlan,2001,597,0,0
Harlan,2002,597,0,0
Harlan,2003,597,0,0
Harlan,2004,597,0,0
Harlan,2005,597,0,0
Harlan,2006,597,0,0
Harlan,2007,597,0,0
Harlan,2008,597,0,0
Harlan,2009,597,0,0
Harlan,2010,597,0,0
Harlan,2011,597,0,0
Harlan,2012,597,0,0
Harlan,2013,597,0,0
Harlan,2014,597,0,0
Harlan,2015,597,0,0
Harlan,2016,597,0,0
Harlan,2017,597,0,0
Hartley,1997,504,0,0
Hartley,1998,504,0,0
Hartley,1999,504,0,0
Hartley,2000,504,0,0
Hartley,2001,504,0,0
Hartley,2002,504,0,0
Hartley,2003,504,0,0
Hartley,2004,504,0,0
Hartley,2005,504,0,0
Hartley,2006,504,0,0
Hartley,2007,504,0,0
Hartley,2008,504,0,0
Hartley,2009,504,0,0
Hartley,2010,504,0,0
Hartley,2011,504,0,0
Hartley,2012,504,0,0
Hartley,2013,504,0,0
Hartley,2014,504,0,0
Hartley,2015,504,0,0
Hartley,2016,504,0,0
Hartley,2017,504,0,0
Hawarden,1997,504,0,0
Hawarden,1998,504,0,0
Hawarden,1999,504,0,0
Hawarden,2000,504,0,0
Hawarden,2001,504,0,0
Hawarden,2002,504,0,0
Hawarden,2003,504,0,0
Hawarden,2004,504,0,0
Hawarden,2005,504,0,0
Hawarden,2006,504,0,0
Hawarden,2007,504,0,0
Hawarden,2008,504,0,0
Hawarden,2009,504,0,0
Hawarden,2010,504,0,0
Hawarden,2011,504,0,0
Hawarden,2012,504,0,0
Hawarden,2013,504,0,0
Hawarden,2014,504,0,0
Hawarden,2015,504,0,0
Hawarden,2016,504,0,0
Hawarden,2017,504,0,0
Holstein,1997,564,0,0
Holstein,1998,564,0,0
Holstein,1999,564,0,0
Holstein,2000,564,0,0
Holstein,2001,564,0,0
Holstein,2002,564,0,0
Holstein,2003,564,0,0
Holstein,2004,564,0,0
Holstein,2005,564,0,0
Holstein,2006,564,0,0
Holstein,2007,564,0,0
Holstein,2008,564,0,0
Holstein,2009,564,0,0
Holstein,2010,564,0,0
Holstein,2011,564,0,0
Holstein,2012,564,0,0
Holstein,2013,564,0,0
Holstein,2014,564,0,0
Holstein,2015,564,0,0
Holstein,2016,564,0,0
Holstein,2017,564,0,0
Hull,1997,504,0,0
Hull,1998,504,0,0
Hull,1999,504,0,0
Hull,2000,504,0,0
Hull,2001,504,0,0
Hull,2002,504,0,0
Hull,2003,504,0,0
Hull,2004,504,0,0
Hull,2005,504,0,0
Hull,2006,504,0,0
Hull,2007,504,0,0
Hull,2008,504,0,0
Hull,2009,504,0,0
Hull,2010,504,0,0
Hull,2011,504,0,0
Hull,2012,504,0,0
Hull,2013,504,0,0
Hull,2014,504,0,0
Hull,2015,504,0,0
Hull,2016,504,0,0
Hull,2017,504,0,0
Humboldt,1997,401,0,0
Humboldt,1998,401,0,0
Humboldt,1999,401,0,0
Humboldt,2000,401,0,0
Humboldt,2001,401,0,0
Humboldt,2002,401,0,0
Humboldt,2003,401,0,0
Humboldt,2004,401,0,0
Humboldt,2005,401,0,0
Humboldt,2006,401,0,0
Humboldt,2007,401,0,0
Humboldt,2008,401,0,0
Humboldt,2009,401,0,0
Humboldt,2010,401,0,0
Humboldt,2011,401,0,0
Humboldt,2012,401,0,0
Humboldt,2013,401,0,0
Humboldt,2014,401,0,0
Humboldt,2015,401,0,0
Humboldt,2016,401,0,0
Humboldt,2017,401,0,0
Ida Grove,1997,564,0,0
Ida Grove,1998,564,0,0
Ida Grove,1999,564,0,0
Ida Grove,2000,564,0,0
Ida Grove,2001,564,0,0
Ida Grove,2002,564,0,0
Ida Grove,2003,564,0,0
Ida Grove,2004,564,0,0
Ida Grove,2005,564,0,0
Ida Grove,2006,564,0,0
Ida Grove,2007,564,0,0
Ida Grove,2008,564,0,0
Ida Grove,2009,564,0,0
Ida Grove,2010,564,0,0
Ida Grove,2011,564,0,0
Ida Grove,2012,564,0,0
Ida Grove,2013,564,0,0
Ida Grove,2014,564,0,0
Ida Grove,2015,564,0,0
Ida Grove,2016,564,0,0
Ida Grove,2017,564,0,0
Independence,1997,230,0,0
Independence,1998,230,0,0
Independence,1999,230,0,0
Independence,2000,230,0,0
Independence,2001,230,0,0
Independence,2002,230,0,0
Independence,2003,230,0,0
Independence,2004,230,0,0
Independence,2005,230,0,0
Independence,2006,230,0,0
Independence,2007,230,0,0
Independence,2008,230,0,0
Independence,2009,230,0,0
Independence,2010,230,0,0
Independence,2011,230,0,0
Independence,2012,230,0,0
Independence,2013,230,0,0
Independence,2014,230,0,0
Independence,2015,230,0,0
Independence,2016,230,0,0
Independence,2017,230,0,0
Iowa Falls,1997,561,1,1990
Iowa Falls,1998,561,1,1990
Iowa Falls,1999,561,1,1990
Iowa Falls,2000,561,1,1990
Iowa Falls,2001,561,1,1990
Iowa Falls,2002,561,1,1990
Iowa Falls,2003,561,1,1990
Iowa Falls,2004,561,1,1990
Iowa Falls,2005,561,1,1990
Iowa Falls,2006,561,1,1990
Iowa Falls,2007,561,1,1990
Iowa Falls,2008,561,1,1990
Iowa Falls,2009,561,1,1990
Iowa Falls,2010,561,1,1990
Iowa Falls,2011,561,1,1990
Iowa Falls,2012,561,1,1990
Iowa Falls,2013,561,1,1990
Iowa Falls,2014,561,1,1990
Iowa Falls,2015,561,1,1990
Iowa Falls,2016,561,1,1990
Iowa Falls,2017,561,1,1990
Jefferson,1997,621,1,2012
Jefferson,1998,621,1,2012
Jefferson,1999,621,1,2012
Jefferson,2000,621,1,2012
Jefferson,2001,621,1,2012
Jefferson,2002,621,1,2012
Jefferson,2003,621,1,2012
Jefferson,2004,621,1,2012
Jefferson,2005,621,1,2012
Jefferson,2006,621,1,2012
Jefferson,2007,621,1,2012
Jefferson,2008,621,1,2012
Jefferson,2009,621,1,2012
Jefferson,2010,621,1,2012
Jefferson,2011,621,1,2012
Jefferson,2012,621,1,2012
Jefferson,2013,621,1,2012
Jefferson,2014,621,1,2012
Jefferson,2015,621,1,2012
Jefferson,2016,621,1,2012
Jefferson,2017,621,1,2012
Jewell Junction,1997,401,0,0
Jewell Junction,1998,401,0,0
Jewell Junction,1999,401,0,0
Jewell Junction,2000,401,0,0
Jewell Junction,2001,401,0,0
Jewell Junction,2002,401,0,0
Jewell Junction,2003,401,0,0
Jewell Junction,2004,401,0,0
Jewell Junction,2005,401,0,0
Jewell Junction,2006,401,0,0
Jewell Junction,2007,401,0,0
Jewell Junction,2008,401,0,0
Jewell Junction,2009,401,0,0
Jewell Junction,2010,401,0,0
Jewell Junction,2011,401,0,0
Jewell Junction,2012,401,0,0
Jewell Junction,2013,401,0,0
Jewell Junction,2014,401,0,0
Jewell Junction,2015,401,0,0
Jewell Junction,2016,401,0,0
Jewell Junction,2017,401,0,0
Keokuk,1997,192,1,1986
Keokuk,1998,192,1,1986
Keokuk,1999,192,1,1986
Keokuk,2000,192,1,1986
Keokuk,2001,192,1,1986
Keokuk,2002,192,1,1986
Keokuk,2003,192,1,1986
Keokuk,2004,192,1,1986
Keokuk,2005,192,1,1986
Keokuk,2006,192,1,1986
Keokuk,2007,192,1,1986
Keokuk,2008,192,1,1986
Keokuk,2009,192,1,1986
Keokuk,2010,192,1,1986
Keokuk,2011,192,1,1986
Keokuk,2012,192,1,1986
Keokuk,2013,192,1,1986
Keokuk,2014,192,1,1986
Keokuk,2015,192,1,1986
Keokuk,2016,192,1,1986
Keokuk,2017,192,1,1986
Keosauqua,1997,478,0,0
Keosauqua,1998,478,0,0
Keosauqua,1999,478,0,0
Keosauqua,2000,478,0,0
Keosauqua,2001,478,0,0
Keosauqua,2002,478,0,0
Keosauqua,2003,478,0,0
Keosauqua,2004,478,0,0
Keosauqua,2005,478,0,0
Keosauqua,2006,478,0,0
Keosauqua,2007,478,0,0
Keosauqua,2008,478,0,0
Keosauqua,2009,478,0,0
Keosauqua,2010,478,0,0
Keosauqua,2011,478,0,0
Keosauqua,2012,478,0,0
Keosauqua,2013,478,0,0
Keosauqua,2014,478,0,0
Keosauqua,2015,478,0,0
Keosauqua,2016,478,0,0
Keosauqua,2017,478,0,0
Keota,1997,393,0,0
Keota,1998,393,0,0
Keota,1999,393,0,0
Keota,2000,393,0,0
Keota,2001,393,0,0
Keota,2002,393,0,0
Keota,2003,393,0,0
Keota,2004,393,0,0
Keota,2005,393,0,0
Keota,2006,393,0,0
Keota,2007,393,0,0
Keota,2008,393,0,0
Keota,2009,393,0,0
Keota,2010,393,0,0
Keota,2011,393,0,0
Keota,2012,393,0,0
Keota,2013,393,0,0
Keota,2014,393,0,0
Keota,2015,393,0,0
Keota,2016,393,0,0
Keota,2017,393,0,0
Kingsley,1997,4,0,0
Kingsley,1998,4,0,0
Kingsley,1999,4,0,0
Kingsley,2000,4,0,0
Kingsley,2001,4,0,0
Kingsley,2002,4,0,0
Kingsley,2003,4,0,0
Kingsley,2004,4,0,0
Kingsley,2005,4,0,0
Kingsley,2006,4,0,0
Kingsley,2007,4,0,0
Kingsley,2008,4,0,0
Kingsley,2009,4,0,0
Kingsley,2010,4,0,0
Kingsley,2011,4,0,0
Kingsley,2012,4,0,0
Kingsley,2013,4,0,0
Kingsley,2014,4,0,0
Kingsley,2015,4,0,0
Kingsley,2016,4,0,0
Kingsley,2017,4,0,0
Knoxville,1997,393,0,0
Knoxville,1998,393,0,0
Knoxville,1999,393,0,0
Knoxville,2000,393,0,0
Knoxville,2001,393,0,0
Knoxville,2002,393,0,0
Knoxville,2003,393,0,0
Knoxville,2004,393,0,0
Knoxville,2005,393,0,0
Knoxville,2006,393,0,0
Knoxville,2007,393,0,0
Knoxville,2008,393,0,0
Knoxville,2009,393,0,0
Knoxville,2010,393,0,0
Knoxville,2011,393,0,0
Knoxville,2012,393,0,0
Knoxville,2013,393,0,0
Knoxville,2014,393,0,0
Knoxville,2015,393,0,0
Knoxville,2016,393,0,0
Knoxville,2017,393,0,0
La Porte City,1997,230,0,0
La Porte City,1998,230,0,0
La Porte City,1999,230,0,0
La Porte City,2000,230,0,0
La Porte City,2001,230,0,0
La Porte City,2002,230,0,0
La Porte City,2003,230,0,0
La Porte City,2004,230,0,0
La Porte City,2005,230,0,0
La Porte City,2006,230,0,0
La Porte City,2007,230,0,0
La Porte City,2008,230,0,0
La Porte City,2009,230,0,0
La Porte City,2010,230,0,0
La Porte City,2011,230,0,0
La Porte City,2012,230,0,0
La Porte City,2013,230,0,0
La Porte City,2014,230,0,0
La Porte City,2015,230,0,0
La Porte City,2016,230,0,0
La Porte City,2017,230,0,0
Lake City,1997,401,0,0
Lake City,1998,401,0,0
Lake City,1999,401,0,0
Lake City,2000,401,0,0
Lake City,2001,401,0,0
Lake City,2002,401,0,0
Lake City,2003,401,0,0
Lake City,2004,401,0,0
Lake City,2005,401,0,0
Lake City,2006,401,0,0
Lake City,2007,401,0,0
Lake City,2008,401,0,0
Lake City,2009,401,0,0
Lake City,2010,401,0,0
Lake City,2011,401,0,0
Lake City,2012,401,0,0
Lake City,2013,401,0,0
Lake City,2014,401,0,0
Lake City,2015,401,0,0
Lake City,2016,401,0,0
Lake City,2017,401,0,0
Lake Mills,1997,304,0,0
Lake Mills,1998,304,0,0
Lake Mills,1999,304,0,0
Lake Mills,2000,304,0,0
Lake Mills,2001,304,0,0
Lake Mills,2002,304,0,0
Lake Mills,2003,304,0,0
Lake Mills,2004,304,0,0
Lake Mills,2005,304,0,0
Lake Mills,2006,304,0,0
Lake Mills,2007,304,0,0
Lake Mills,2008,304,0,0
Lake Mills,2009,304,0,0
Lake Mills,2010,304,0,0
Lake Mills,2011,304,0,0
Lake Mills,2012,304,0,0
Lake Mills,2013,304,0,0
Lake Mills,2014,304,0,0
Lake Mills,2015,304,0,0
Lake Mills,2016,304,0,0
Lake Mills,2017,304,0,0
Lake View,1997,564,0,0
Lake View,1998,564,0,0
Lake View,1999,564,0,0
Lake View,2000,564,0,0
Lake View,2001,564,0,0
Lake View,2002,564,0,0
Lake View,2003,564,0,0
Lake View,2004,564,0,0
Lake View,2005,564,0,0
Lake View,2006,564,0,0
Lake View,2007,564,0,0
Lake View,2008,564,0,0
Lake View,2009,564,0,0
Lake View,2010,564,0,0
Lake View,2011,564,0,0
Lake View,2012,564,0,0
Lake View,2013,564,0,0
Lake View,2014,564,0,0
Lake View,2015,564,0,0
Lake View,2016,564,0,0
Lake View,2017,564,0,0
Lamoni,1997,526,0,0
Lamoni,1998,526,0,0
Lamoni,1999,526,0,0
Lamoni,2000,526,0,0
Lamoni,2001,526,0,0
Lamoni,2002,526,0,0
Lamoni,2003,526,0,0
Lamoni,2004,526,0,0
Lamoni,2005,526,0,0
Lamoni,2006,526,0,0
Lamoni,2007,526,0,0
Lamoni,2008,526,0,0
Lamoni,2009,526,0,0
Lamoni,2010,526,0,0
Lamoni,2011,526,0,0
Lamoni,2012,526,0,0
Lamoni,2013,526,0,0
Lamoni,2014,526,0,0
Lamoni,2015,526,0,0
Lamoni,2016,526,0,0
Lamoni,2017,526,0,0
Lansing,1997,470,1,2012
Lansing,1998,470,1,2012
Lansing,1999,470,1,2012
Lansing,2000,470,1,2012
Lansing,2001,470,1,2012
Lansing,2002,470,1,2012
Lansing,2003,470,1,2012
Lansing,2004,470,1,2012
Lansing,2005,470,1,2012
Lansing,2006,470,1,2012
Lansing,2007,470,1,2012
Lansing,2008,470,1,2012
Lansing,2009,470,1,2012
Lansing,2010,470,1,2012
Lansing,2011,470,1,2012
Lansing,2012,470,1,2012
Lansing,2013,470,1,2012
Lansing,2014,470,1,2012
Lansing,2015,470,1,2012
Lansing,2016,470,1,2012
Lansing,2017,470,1,2012
Laurens,1997,564,0,0
Laurens,1998,564,0,0
Laurens,1999,564,0,0
Laurens,2000,564,0,0
Laurens,2001,564,0,0
Laurens,2002,564,0,0
Laurens,2003,564,0,0
Laurens,2004,564,0,0
Laurens,2005,564,0,0
Laurens,2006,564,0,0
Laurens,2007,564,0,0
Laurens,2008,564,0,0
Laurens,2009,564,0,0
Laurens,2010,564,0,0
Laurens,2011,564,0,0
Laurens,2012,564,0,0
Laurens,2013,564,0,0
Laurens,2014,564,0,0
Laurens,2015,564,0,0
Laurens,2016,564,0,0
Laurens,2017,564,0,0
Le Mars,1997,4,1,1995
Le Mars,1998,4,1,1995
Le Mars,1999,4,1,1995
Le Mars,2000,4,1,1995
Le Mars,2001,4,1,1995
Le Mars,2002,4,1,1995
Le Mars,2003,4,1,1995
Le Mars,2004,4,1,1995
Le Mars,2005,4,1,1995
Le Mars,2006,4,1,1995
Le Mars,2007,4,1,1995
Le Mars,2008,4,1,1995
Le Mars,2009,4,1,1995
Le Mars,2010,4,1,1995
Le Mars,2011,4,1,1995
Le Mars,2012,4,1,1995
Le Mars,2013,4,1,1995
Le Mars,2014,4,1,1995
Le Mars,2015,4,1,1995
Le Mars,2016,4,1,1995
Le Mars,2017,4,1,1995
Lenox,1997,509,0,0
Lenox,1998,509,0,0
Lenox,1999,509,0,0
Lenox,2000,509,0,0
Lenox,2001,509,0,0
Lenox,2002,509,0,0
Lenox,2003,509,0,0
Lenox,2004,509,0,0
Lenox,2005,509,0,0
Lenox,2006,509,0,0
Lenox,2007,509,0,0
Lenox,2008,509,0,0
Lenox,2009,509,0,0
Lenox,2010,509,0,0
Lenox,2011,509,0,0
Lenox,2012,509,0,0
Lenox,2013,509,0,0
Lenox,2014,509,0,0
Lenox,2015,509,0,0
Lenox,2016,509,0,0
Lenox,2017,509,0,0
Leon,1997,526,0,0
Leon,1998,526,0,0
Leon,1999,526,0,0
Leon,2000,526,0,0
Leon,2001,526,0,0
Leon,2002,526,0,0
Leon,2003,526,0,0
Leon,2004,526,0,0
Leon,2005,526,0,0
Leon,2006,526,0,0
Leon,2007,526,0,0
Leon,2008,526,0,0
Leon,2009,526,0,0
Leon,2010,526,0,0
Leon,2011,526,0,0
Leon,2012,526,0,0
Leon,2013,526,0,0
Leon,2014,526,0,0
Leon,2015,526,0,0
Leon,2016,526,0,0
Leon,2017,526,0,0
Madrid,1997,15,0,0
Madrid,1998,15,0,0
Madrid,1999,15,0,0
Madrid,2000,15,0,0
Madrid,2001,15,0,0
Madrid,2002,15,0,0
Madrid,2003,15,0,0
Madrid,2004,15,0,0
Madrid,2005,15,0,0
Madrid,2006,15,0,0
Madrid,2007,15,0,0
Madrid,2008,15,0,0
Madrid,2009,15,0,0
Madrid,2010,15,0,0
Madrid,2011,15,0,0
Madrid,2012,15,0,0
Madrid,2013,15,0,0
Madrid,2014,15,0,0
Madrid,2015,15,0,0
Madrid,2016,15,0,0
Madrid,2017,15,0,0
Manchester,1997,344,0,0
Manchester,1998,344,0,0
Manchester,1999,344,0,0
Manchester,2000,344,0,0
Manchester,2001,344,0,0
Manchester,2002,344,0,0
Manchester,2003,344,0,0
Manchester,2004,344,0,0
Manchester,2005,344,0,0
Manchester,2006,344,0,0
Manchester,2007,344,0,0
Manchester,2008,344,0,0
Manchester,2009,344,0,0
Manchester,2010,344,0,0
Manchester,2011,344,0,0
Manchester,2012,344,0,0
Manchester,2013,344,0,0
Manchester,2014,344,0,0
Manchester,2015,344,0,0
Manchester,2016,344,0,0
Manchester,2017,344,0,0
Manilla,1997,564,0,0
Manilla,1998,564,0,0
Manilla,1999,564,0,0
Manilla,2000,564,0,0
Manilla,2001,564,0,0
Manilla,2002,564,0,0
Manilla,2003,564,0,0
Manilla,2004,564,0,0
Manilla,2005,564,0,0
Manilla,2006,564,0,0
Manilla,2007,564,0,0
Manilla,2008,564,0,0
Manilla,2009,564,0,0
Manilla,2010,564,0,0
Manilla,2011,564,0,0
Manilla,2012,564,0,0
Manilla,2013,564,0,0
Manilla,2014,564,0,0
Manilla,2015,564,0,0
Manilla,2016,564,0,0
Manilla,2017,564,0,0
Manly,1997,304,0,0
Manly,1998,304,0,0
Manly,1999,304,0,0
Manly,2000,304,0,0
Manly,2001,304,0,0
Manly,2002,304,0,0
Manly,2003,304,0,0
Manly,2004,304,0,0
Manly,2005,304,0,0
Manly,2006,304,0,0
Manly,2007,304,0,0
Manly,2008,304,0,0
Manly,2009,304,0,0
Manly,2010,304,0,0
Manly,2011,304,0,0
Manly,2012,304,0,0
Manly,2013,304,0,0
Manly,2014,304,0,0
Manly,2015,304,0,0
Manly,2016,304,0,0
Manly,2017,304,0,0
Manning,1997,621,1,2009
Manning,1998,621,1,2009
Manning,1999,621,1,2009
Manning,2000,621,1,2009
Manning,2001,621,1,2009
Manning,2002,621,1,2009
Manning,2003,621,1,2009
Manning,2004,621,1,2009
Manning,2005,621,1,2009
Manning,2006,621,1,2009
Manning,2007,621,1,2009
Manning,2008,621,1,2009
Manning,2009,621,1,2009
Manning,2010,621,1,2009
Manning,2011,621,1,2009
Manning,2012,621,1,2009
Manning,2013,621,1,2009
Manning,2014,621,1,2009
Manning,2015,621,1,2009
Manning,2016,621,1,2009
Manning,2017,621,1,2009
Manson,1997,401,0,0
Manson,1998,401,0,0
Manson,1999,401,0,0
Manson,2000,401,0,0
Manson,2001,401,0,0
Manson,2002,401,0,0
Manson,2003,401,0,0
Manson,2004,401,0,0
Manson,2005,401,0,0
Manson,2006,401,0,0
Manson,2007,401,0,0
Manson,2008,401,0,0
Manson,2009,401,0,0
Manson,2010,401,0,0
Manson,2011,401,0,0
Manson,2012,401,0,0
Manson,2013,401,0,0
Manson,2014,401,0,0
Manson,2015,401,0,0
Manson,2016,401,0,0
Manson,2017,401,0,0
Mapleton,1997,4,0,0
Mapleton,1998,4,0,0
Mapleton,1999,4,0,0
Mapleton,2000,4,0,0
Mapleton,2001,4,0,0
Mapleton,2002,4,0,0
Mapleton,2003,4,0,0
Mapleton,2004,4,0,0
Mapleton,2005,4,0,0
Mapleton,2006,4,0,0
Mapleton,2007,4,0,0
Mapleton,2008,4,0,0
Mapleton,2009,4,0,0
Mapleton,2010,4,0,0
Mapleton,2011,4,0,0
Mapleton,2012,4,0,0
Mapleton,2013,4,0,0
Mapleton,2014,4,0,0
Mapleton,2015,4,0,0
Mapleton,2016,4,0,0
Mapleton,2017,4,0,0
Maquoketa,1997,344,0,0
Maquoketa,1998,344,0,0
Maquoketa,1999,344,0,0
Maquoketa,2000,344,0,0
Maquoketa,2001,344,0,0
Maquoketa,2002,344,0,0
Maquoketa,2003,344,0,0
Maquoketa,2004,344,0,0
Maquoketa,2005,344,0,0
Maquoketa,2006,344,0,0
Maquoketa,2007,344,0,0
Maquoketa,2008,344,0,0
Maquoketa,2009,344,0,0
Maquoketa,2010,344,0,0
Maquoketa,2011,344,0,0
Maquoketa,2012,344,0,0
Maquoketa,2013,344,0,0
Maquoketa,2014,344,0,0
Maquoketa,2015,344,0,0
Maquoketa,2016,344,0,0
Maquoketa,2017,344,0,0
Marcus,1997,564,0,0
Marcus,1998,564,0,0
Marcus,1999,564,0,0
Marcus,2000,564,0,0
Marcus,2001,564,0,0
Marcus,2002,564,0,0
Marcus,2003,564,0,0
Marcus,2004,564,0,0
Marcus,2005,564,0,0
Marcus,2006,564,0,0
Marcus,2007,564,0,0
Marcus,2008,564,0,0
Marcus,2009,564,0,0
Marcus,2010,564,0,0
Marcus,2011,564,0,0
Marcus,2012,564,0,0
Marcus,2013,564,0,0
Marcus,2014,564,0,0
Marcus,2015,564,0,0
Marcus,2016,564,0,0
Marcus,2017,564,0,0
Marengo,1997,161,0,0
Marengo,1998,161,0,0
Marengo,1999,161,0,0
Marengo,2000,161,0,0
Marengo,2001,161,0,0
Marengo,2002,161,0,0
Marengo,2003,161,0,0
Marengo,2004,161,0,0
Marengo,2005,161,0,0
Marengo,2006,161,0,0
Marengo,2007,161,0,0
Marengo,2008,161,0,0
Marengo,2009,161,0,0
Marengo,2010,161,0,0
Marengo,2011,161,0,0
Marengo,2012,161,0,0
Marengo,2013,161,0,0
Marengo,2014,161,0,0
Marengo,2015,161,0,0
Marengo,2016,161,0,0
Marengo,2017,161,0,0
Marshalltown,1997,455,1,2002
Marshalltown,1998,455,1,2002
Marshalltown,1999,455,1,2002
Marshalltown,2000,455,1,2002
Marshalltown,2001,455,1,2002
Marshalltown,2002,455,1,2002
Marshalltown,2003,455,1,2002
Marshalltown,2004,455,1,2002
Marshalltown,2005,455,1,2002
Marshalltown,2006,455,1,2002
Marshalltown,2007,455,1,2002
Marshalltown,2008,455,1,2002
Marshalltown,2009,455,1,2002
Marshalltown,2010,455,1,2002
Marshalltown,2011,455,1,2002
Marshalltown,2012,455,1,2002
Marshalltown,2013,455,1,2002
Marshalltown,2014,455,1,2002
Marshalltown,2015,455,1,2002
Marshalltown,2016,455,1,2002
Marshalltown,2017,455,1,2002
Mason City,1997,304,1,2004
Mason City,1998,304,1,2004
Mason City,1999,304,1,2004
Mason City,2000,304,1,2004
Mason City,2001,304,1,2004
Mason City,2002,304,1,2004
Mason City,2003,304,1,2004
Mason City,2004,304,1,2004
Mason City,2005,304,1,2004
Mason City,2006,304,1,2004
Mason City,2007,304,1,2004
Mason City,2008,304,1,2004
Mason City,2009,304,1,2004
Mason City,2010,304,1,2004
Mason City,2011,304,1,2004
Mason City,2012,304,1,2004
Mason City,2013,304,1,2004
Mason City,2014,304,1,2004
Mason City,2015,304,1,2004
Mason City,2016,304,1,2004
Mason City,2017,304,1,2004
McGregor,1997,470,0,0
McGregor,1998,470,0,0
McGregor,1999,470,0,0
McGregor,2000,470,0,0
McGregor,2001,470,0,0
McGregor,2002,470,0,0
McGregor,2003,470,0,0
McGregor,2004,470,0,0
McGregor,2005,470,0,0
McGregor,2006,470,0,0
McGregor,2007,470,0,0
McGregor,2008,470,0,0
McGregor,2009,470,0,0
McGregor,2010,470,0,0
McGregor,2011,470,0,0
McGregor,2012,470,0,0
McGregor,2013,470,0,0
McGregor,2014,470,0,0
McGregor,2015,470,0,0
McGregor,2016,470,0,0
McGregor,2017,470,0,0
Melcher-Dallas,1997,393,0,0
Melcher-Dallas,1998,393,0,0
Melcher-Dallas,1999,393,0,0
Melcher-Dallas,2000,393,0,0
Melcher-Dallas,2001,393,0,0
Melcher-Dallas,2002,393,0,0
Melcher-Dallas,2003,393,0,0
Melcher-Dallas,2004,393,0,0
Melcher-Dallas,2005,393,0,0
Melcher-Dallas,2006,393,0,0
Melcher-Dallas,2007,393,0,0
Melcher-Dallas,2008,393,0,0
Melcher-Dallas,2009,393,0,0
Melcher-Dallas,2010,393,0,0
Melcher-Dallas,2011,393,0,0
Melcher-Dallas,2012,393,0,0
Melcher-Dallas,2013,393,0,0
Melcher-Dallas,2014,393,0,0
Melcher-Dallas,2015,393,0,0
Melcher-Dallas,2016,393,0,0
Melcher-Dallas,2017,393,0,0
Milford,1997,518,0,0
Milford,1998,518,0,0
Milford,1999,518,0,0
Milford,2000,518,0,0
Milford,2001,518,0,0
Milford,2002,518,0,0
Milford,2003,518,0,0
Milford,2004,518,0,0
Milford,2005,518,0,0
Milford,2006,518,0,0
Milford,2007,518,0,0
Milford,2008,518,0,0
Milford,2009,518,0,0
Milford,2010,518,0,0
Milford,2011,518,0,0
Milford,2012,518,0,0
Milford,2013,518,0,0
Milford,2014,518,0,0
Milford,2015,518,0,0
Milford,2016,518,0,0
Milford,2017,518,0,0
Monona,1997,470,0,0
Monona,1998,470,0,0
Monona,1999,470,0,0
Monona,2000,470,0,0
Monona,2001,470,0,0
Monona,2002,470,0,0
Monona,2003,470,0,0
Monona,2004,470,0,0
Monona,2005,470,0,0
Monona,2006,470,0,0
Monona,2007,470,0,0
Monona,2008,470,0,0
Monona,2009,470,0,0
Monona,2010,470,0,0
Monona,2011,470,0,0
Monona,2012,470,0,0
Monona,2013,470,0,0
Monona,2014,470,0,0
Monona,2015,470,0,0
Monona,2016,470,0,0
Monona,2017,470,0,0
Monroe,1997,455,0,0
Monroe,1998,455,0,0
Monroe,1999,455,0,0
Monroe,2000,455,0,0
Monroe,2001,455,0,0
Monroe,2002,455,0,0
Monroe,2003,455,0,0
Monroe,2004,455,0,0
Monroe,2005,455,0,0
Monroe,2006,455,0,0
Monroe,2007,455,0,0
Monroe,2008,455,0,0
Monroe,2009,455,0,0
Monroe,2010,455,0,0
Monroe,2011,455,0,0
Monroe,2012,455,0,0
Monroe,2013,455,0,0
Monroe,2014,455,0,0
Monroe,2015,455,0,0
Monroe,2016,455,0,0
Monroe,2017,455,0,0
Montezuma,1997,455,0,0
Montezuma,1998,455,0,0
Montezuma,1999,455,0,0
Montezuma,2000,455,0,0
Montezuma,2001,455,0,0
Montezuma,2002,455,0,0
Montezuma,2003,455,0,0
Montezuma,2004,455,0,0
Montezuma,2005,455,0,0
Montezuma,2006,455,0,0
Montezuma,2007,455,0,0
Montezuma,2008,455,0,0
Montezuma,2009,455,0,0
Montezuma,2010,455,0,0
Montezuma,2011,455,0,0
Montezuma,2012,455,0,0
Montezuma,2013,455,0,0
Montezuma,2014,455,0,0
Montezuma,2015,455,0,0
Montezuma,2016,455,0,0
Montezuma,2017,455,0,0
Mount Ayr,1997,509,0,0
Mount Ayr,1998,509,0,0
Mount Ayr,1999,509,0,0
Mount Ayr,2000,509,0,0
Mount Ayr,2001,509,0,0
Mount Ayr,2002,509,0,0
Mount Ayr,2003,509,0,0
Mount Ayr,2004,509,0,0
Mount Ayr,2005,509,0,0
Mount Ayr,2006,509,0,0
Mount Ayr,2007,509,0,0
Mount Ayr,2008,509,0,0
Mount Ayr,2009,509,0,0
Mount Ayr,2010,509,0,0
Mount Ayr,2011,509,0,0
Mount Ayr,2012,509,0,0
Mount Ayr,2013,509,0,0
Mount Ayr,2014,509,0,0
Mount Ayr,2015,509,0,0
Mount Ayr,2016,509,0,0
Mount Ayr,2017,509,0,0
Mount Pleasant,1997,192,1,2002
Mount Pleasant,1998,192,1,2002
Mount Pleasant,1999,192,1,2002
Mount Pleasant,2000,192,1,2002
Mount Pleasant,2001,192,1,2002
Mount Pleasant,2002,192,1,2002
Mount Pleasant,2003,192,1,2002
Mount Pleasant,2004,192,1,2002
Mount Pleasant,2005,192,1,2002
Mount Pleasant,2006,192,1,2002
Mount Pleasant,2007,192,1,2002
Mount Pleasant,2008,192,1,2002
Mount Pleasant,2009,192,1,2002
Mount Pleasant,2010,192,1,2002
Mount Pleasant,2011,192,1,2002
Mount Pleasant,2012,192,1,2002
Mount Pleasant,2013,192,1,2002
Mount Pleasant,2014,192,1,2002
Mount Pleasant,2015,192,1,2002
Mount Pleasant,2016,192,1,2002
Mount Pleasant,2017,192,1,2002
Muscatine,1997,161,0,0
Muscatine,1998,161,0,0
Muscatine,1999,161,0,0
Muscatine,2000,161,0,0
Muscatine,2001,161,0,0
Muscatine,2002,161,0,0
Muscatine,2003,161,0,0
Muscatine,2004,161,0,0
Muscatine,2005,161,0,0
Muscatine,2006,161,0,0
Muscatine,2007,161,0,0
Muscatine,2008,161,0,0
Muscatine,2009,161,0,0
Muscatine,2010,161,0,0
Muscatine,2011,161,0,0
Muscatine,2012,161,0,0
Muscatine,2013,161,0,0
Muscatine,2014,161,0,0
Muscatine,2015,161,0,0
Muscatine,2016,161,0,0
Muscatine,2017,161,0,0
Nashua,1997,507,0,0
Nashua,1998,507,0,0
Nashua,1999,507,0,0
Nashua,2000,507,0,0
Nashua,2001,507,0,0
Nashua,2002,507,0,0
Nashua,2003,507,0,0
Nashua,2004,507,0,0
Nashua,2005,507,0,0
Nashua,2006,507,0,0
Nashua,2007,507,0,0
Nashua,2008,507,0,0
Nashua,2009,507,0,0
Nashua,2010,507,0,0
Nashua,2011,507,0,0
Nashua,2012,507,0,0
Nashua,2013,507,0,0
Nashua,2014,507,0,0
Nashua,2015,507,0,0
Nashua,2016,507,0,0
Nashua,2017,507,0,0
Nevada,1997,15,0,0
Nevada,1998,15,0,0
Nevada,1999,15,0,0
Nevada,2000,15,0,0
Nevada,2001,15,0,0
Nevada,2002,15,0,0
Nevada,2003,15,0,0
Nevada,2004,15,0,0
Nevada,2005,15,0,0
Nevada,2006,15,0,0
Nevada,2007,15,0,0
Nevada,2008,15,0,0
Nevada,2009,15,0,0
Nevada,2010,15,0,0
Nevada,2011,15,0,0
Nevada,2012,15,0,0
Nevada,2013,15,0,0
Nevada,2014,15,0,0
Nevada,2015,15,0,0
Nevada,2016,15,0,0
Nevada,2017,15,0,0
New Hampton,1997,507,1,1993
New Hampton,1998,507,1,1993
New Hampton,1999,507,1,1993
New Hampton,2000,507,1,1993
New Hampton,2001,507,1,1993
New Hampton,2002,507,1,1993
New Hampton,2003,507,1,1993
New Hampton,2004,507,1,1993
New Hampton,2005,507,1,1993
New Hampton,2006,507,1,1993
New Hampton,2007,507,1,1993
New Hampton,2008,507,1,1993
New Hampton,2009,507,1,1993
New Hampton,2010,507,1,1993
New Hampton,2011,507,1,1993
New Hampton,2012,507,1,1993
New Hampton,2013,507,1,1993
New Hampton,2014,507,1,1993
New Hampton,2015,507,1,1993
New Hampton,2016,507,1,1993
New Hampton,2017,507,1,1993
New London,1997,192,0,0
New London,1998,192,0,0
New London,1999,192,0,0
New London,2000,192,0,0
New London,2001,192,0,0
New London,2002,192,0,0
New London,2003,192,0,0
New London,2004,192,0,0
New London,2005,192,0,0
New London,2006,192,0,0
New London,2007,192,0,0
New London,2008,192,0,0
New London,2009,192,0,0
New London,2010,192,0,0
New London,2011,192,0,0
New London,2012,192,0,0
New London,2013,192,0,0
New London,2014,192,0,0
New London,2015,192,0,0
New London,2016,192,0,0
New London,2017,192,0,0
New Sharon,1997,393,0,0
New Sharon,1998,393,0,0
New Sharon,1999,393,0,0
New Sharon,2000,393,0,0
New Sharon,2001,393,0,0
New Sharon,2002,393,0,0
New Sharon,2003,393,0,0
New Sharon,2004,393,0,0
New Sharon,2005,393,0,0
New Sharon,2006,393,0,0
New Sharon,2007,393,0,0
New Sharon,2008,393,0,0
New Sharon,2009,393,0,0
New Sharon,2010,393,0,0
New Sharon,2011,393,0,0
New Sharon,2012,393,0,0
New Sharon,2013,393,0,0
New Sharon,2014,393,0,0
New Sharon,2015,393,0,0
New Sharon,2016,393,0,0
New Sharon,2017,393,0,0
Newton,1997,455,1,2014
Newton,1998,455,1,2014
Newton,1999,455,1,2014
Newton,2000,455,1,2014
Newton,2001,455,1,2014
Newton,2002,455,1,2014
Newton,2003,455,1,2014
Newton,2004,455,1,2014
Newton,2005,455,1,2014
Newton,2006,455,1,2014
Newton,2007,455,1,2014
Newton,2008,455,1,2014
Newton,2009,455,1,2014
Newton,2010,455,1,2014
Newton,2011,455,1,2014
Newton,2012,455,1,2014
Newton,2013,455,1,2014
Newton,2014,455,1,2014
Newton,2015,455,1,2014
Newton,2016,455,1,2014
Newton,2017,455,1,2014
Nora Springs,1997,507,0,0
Nora Springs,1998,507,0,0
Nora Springs,1999,507,0,0
Nora Springs,2000,507,0,0
Nora Springs,2001,507,0,0
Nora Springs,2002,507,0,0
Nora Springs,2003,507,0,0
Nora Springs,2004,507,0,0
Nora Springs,2005,507,0,0
Nora Springs,2006,507,0,0
Nora Springs,2007,507,0,0
Nora Springs,2008,507,0,0
Nora Springs,2009,507,0,0
Nora Springs,2010,507,0,0
Nora Springs,2011,507,0,0
Nora Springs,2012,507,0,0
Nora Springs,2013,507,0,0
Nora Springs,2014,507,0,0
Nora Springs,2015,507,0,0
Nora Springs,2016,507,0,0
Nora Springs,2017,507,0,0
Northwood,1997,304,0,0
Northwood,1998,304,0,0
Northwood,1999,304,0,0
Northwood,2000,304,0,0
Northwood,2001,304,0,0
Northwood,2002,304,0,0
Northwood,2003,304,0,0
Northwood,2004,304,0,0
Northwood,2005,304,0,0
Northwood,2006,304,0,0
Northwood,2007,304,0,0
Northwood,2008,304,0,0
Northwood,2009,304,0,0
Northwood,2010,304,0,0
Northwood,2011,304,0,0
Northwood,2012,304,0,0
Northwood,2013,304,0,0
Northwood,2014,304,0,0
Northwood,2015,304,0,0
Northwood,2016,304,0,0
Northwood,2017,304,0,0
Odebolt,1997,564,0,0
Odebolt,1998,564,0,0
Odebolt,1999,564,0,0
Odebolt,2000,564,0,0
Odebolt,2001,564,0,0
Odebolt,2002,564,0,0
Odebolt,2003,564,0,0
Odebolt,2004,564,0,0
Odebolt,2005,564,0,0
Odebolt,2006,564,0,0
Odebolt,2007,564,0,0
Odebolt,2008,564,0,0
Odebolt,2009,564,0,0
Odebolt,2010,564,0,0
Odebolt,2011,564,0,0
Odebolt,2012,564,0,0
Odebolt,2013,564,0,0
Odebolt,2014,564,0,0
Odebolt,2015,564,0,0
Odebolt,2016,564,0,0
Odebolt,2017,564,0,0
Oelwein,1997,230,0,0
Oelwein,1998,230,0,0
Oelwein,1999,230,0,0
Oelwein,2000,230,0,0
Oelwein,2001,230,0,0
Oelwein,2002,230,0,0
Oelwein,2003,230,0,0
Oelwein,2004,230,0,0
Oelwein,2005,230,0,0
Oelwein,2006,230,0,0
Oelwein,2007,230,0,0
Oelwein,2008,230,0,0
Oelwein,2009,230,0,0
Oelwein,2010,230,0,0
Oelwein,2011,230,0,0
Oelwein,2012,230,0,0
Oelwein,2013,230,0,0
Oelwein,2014,230,0,0
Oelwein,2015,230,0,0
Oelwein,2016,230,0,0
Oelwein,2017,230,0,0
Ogden,1997,15,0,0
Ogden,1998,15,0,0
Ogden,1999,15,0,0
Ogden,2000,15,0,0
Ogden,2001,15,0,0
Ogden,2002,15,0,0
Ogden,2003,15,0,0
Ogden,2004,15,0,0
Ogden,2005,15,0,0
Ogden,2006,15,0,0
Ogden,2007,15,0,0
Ogden,2008,15,0,0
Ogden,2009,15,0,0
Ogden,2010,15,0,0
Ogden,2011,15,0,0
Ogden,2012,15,0,0
Ogden,2013,15,0,0
Ogden,2014,15,0,0
Ogden,2015,15,0,0
Ogden,2016,15,0,0
Ogden,2017,15,0,0
Onawa,1997,4,0,0
Onawa,1998,4,0,0
Onawa,1999,4,0,0
Onawa,2000,4,0,0
Onawa,2001,4,0,0
Onawa,2002,4,0,0
Onawa,2003,4,0,0
Onawa,2004,4,0,0
Onawa,2005,4,0,0
Onawa,2006,4,0,0
Onawa,2007,4,0,0
Onawa,2008,4,0,0
Onawa,2009,4,0,0
Onawa,2010,4,0,0
Onawa,2011,4,0,0
Onawa,2012,4,0,0
Onawa,2013,4,0,0
Onawa,2014,4,0,0
Onawa,2015,4,0,0
Onawa,2016,4,0,0
Onawa,2017,4,0,0
Orange City,1997,504,0,0
Orange City,1998,504,0,0
Orange City,1999,504,0,0
Orange City,2000,504,0,0
Orange City,2001,504,0,0
Orange City,2002,504,0,0
Orange City,2003,504,0,0
Orange City,2004,504,0,0
Orange City,2005,504,0,0
Orange City,2006,504,0,0
Orange City,2007,504,0,0
Orange City,2008,504,0,0
Orange City,2009,504,0,0
Orange City,2010,504,0,0
Orange City,2011,504,0,0
Orange City,2012,504,0,0
Orange City,2013,504,0,0
Orange City,2014,504,0,0
Orange City,2015,504,0,0
Orange City,2016,504,0,0
Orange City,2017,504,0,0
Osage,1997,507,0,0
Osage,1998,507,0,0
Osage,1999,507,0,0
Osage,2000,507,0,0
Osage,2001,507,0,0
Osage,2002,507,0,0
Osage,2003,507,0,0
Osage,2004,507,0,0
Osage,2005,507,0,0
Osage,2006,507,0,0
Osage,2007,507,0,0
Osage,2008,507,0,0
Osage,2009,507,0,0
Osage,2010,507,0,0
Osage,2011,507,0,0
Osage,2012,507,0,0
Osage,2013,507,0,0
Osage,2014,507,0,0
Osage,2015,507,0,0
Osage,2016,507,0,0
Osage,2017,507,0,0
Osceola,1997,526,1,1997
Osceola,1998,526,1,1997
Osceola,1999,526,1,1997
Osceola,2000,526,1,1997
Osceola,2001,526,1,1997
Osceola,2002,526,1,1997
Osceola,2003,526,1,1997
Osceola,2004,526,1,1997
Osceola,2005,526,1,1997
Osceola,2006,526,1,1997
Osceola,2007,526,1,1997
Osceola,2008,526,1,1997
Osceola,2009,526,1,1997
Osceola,2010,526,1,1997
Osceola,2011,526,1,1997
Osceola,2012,526,1,1997
Osceola,2013,526,1,1997
Osceola,2014,526,1,1997
Osceola,2015,526,1,1997
Osceola,2016,526,1,1997
Osceola,2017,526,1,1997
Oskaloosa,1997,393,1,1986
Oskaloosa,1998,393,1,1986
Oskaloosa,1999,393,1,1986
Oskaloosa,2000,393,1,1986
Oskaloosa,2001,393,1,1986
Oskaloosa,2002,393,1,1986
Oskaloosa,2003,393,1,1986
Oskaloosa,2004,393,1,1986
Oskaloosa,2005,393,1,1986
Oskaloosa,2006,393,1,1986
Oskaloosa,2007,393,1,1986
Oskaloosa,2008,393,1,1986
Oskaloosa,2009,393,1,1986
Oskaloosa,2010,393,1,1986
Oskaloosa,2011,393,1,1986
Oskaloosa,2012,393,1,1986
Oskaloosa,2013,393,1,1986
Oskaloosa,2014,393,1,1986
Oskaloosa,2015,393,1,1986
Oskaloosa,2016,393,1,1986
Oskaloosa,2017,393,1,1986
Ottumwa,1997,393,1,2006
Ottumwa,1998,393,1,2006
Ottumwa,1999,393,1,2006
Ottumwa,2000,393,1,2006
Ottumwa,2001,393,1,2006
Ottumwa,2002,393,1,2006
Ottumwa,2003,393,1,2006
Ottumwa,2004,393,1,2006
Ottumwa,2005,393,1,2006
Ottumwa,2006,393,1,2006
Ottumwa,2007,393,1,2006
Ottumwa,2008,393,1,2006
Ottumwa,2009,393,1,2006
Ottumwa,2010,393,1,2006
Ottumwa,2011,393,1,2006
Ottumwa,2012,393,1,2006
Ottumwa,2013,393,1,2006
Ottumwa,2014,393,1,2006
Ottumwa,2015,393,1,2006
Ottumwa,2016,393,1,2006
Ottumwa,2017,393,1,2006
Parkersburg,1997,230,0,0
Parkersburg,1998,230,0,0
Parkersburg,1999,230,0,0
Parkersburg,2000,230,0,0
Parkersburg,2001,230,0,0
Parkersburg,2002,230,0,0
Parkersburg,2003,230,0,0
Parkersburg,2004,230,0,0
Parkersburg,2005,230,0,0
Parkersburg,2006,230,0,0
Parkersburg,2007,230,0,0
Parkersburg,2008,230,0,0
Parkersburg,2009,230,0,0
Parkersburg,2010,230,0,0
Parkersburg,2011,230,0,0
Parkersburg,2012,230,0,0
Parkersburg,2013,230,0,0
Parkersburg,2014,230,0,0
Parkersburg,2015,230,0,0
Parkersburg,2016,230,0,0
Parkersburg,2017,230,0,0
Paullina,1997,504,0,0
Paullina,1998,504,0,0
Paullina,1999,504,0,0
Paullina,2000,504,0,0
Paullina,2001,504,0,0
Paullina,2002,504,0,0
Paullina,2003,504,0,0
Paullina,2004,504,0,0
Paullina,2005,504,0,0
Paullina,2006,504,0,0
Paullina,2007,504,0,0
Paullina,2008,504,0,0
Paullina,2009,504,0,0
Paullina,2010,504,0,0
Paullina,2011,504,0,0
Paullina,2012,504,0,0
Paullina,2013,504,0,0
Paullina,2014,504,0,0
Paullina,2015,504,0,0
Paullina,2016,504,0,0
Paullina,2017,504,0,0
Pella,1997,393,0,0
Pella,1998,393,0,0
Pella,1999,393,0,0
Pella,2000,393,0,0
Pella,2001,393,0,0
Pella,2002,393,0,0
Pella,2003,393,0,0
Pella,2004,393,0,0
Pella,2005,393,0,0
Pella,2006,393,0,0
Pella,2007,393,0,0
Pella,2008,393,0,0
Pella,2009,393,0,0
Pella,2010,393,0,0
Pella,2011,393,0,0
Pella,2012,393,0,0
Pella,2013,393,0,0
Pella,2014,393,0,0
Pella,2015,393,0,0
Pella,2016,393,0,0
Pella,2017,393,0,0
Pocahontas,1997,564,0,0
Pocahontas,1998,564,0,0
Pocahontas,1999,564,0,0
Pocahontas,2000,564,0,0
Pocahontas,2001,564,0,0
Pocahontas,2002,564,0,0
Pocahontas,2003,564,0,0
Pocahontas,2004,564,0,0
Pocahontas,2005,564,0,0
Pocahontas,2006,564,0,0
Pocahontas,2007,564,0,0
Pocahontas,2008,564,0,0
Pocahontas,2009,564,0,0
Pocahontas,2010,564,0,0
Pocahontas,2011,564,0,0
Pocahontas,2012,564,0,0
Pocahontas,2013,564,0,0
Pocahontas,2014,564,0,0
Pocahontas,2015,564,0,0
Pocahontas,2016,564,0,0
Pocahontas,2017,564,0,0
Postville,1997,470,0,0
Postville,1998,470,0,0
Postville,1999,470,0,0
Postville,2000,470,0,0
Postville,2001,470,0,0
Postville,2002,470,0,0
Postville,2003,470,0,0
Postville,2004,470,0,0
Postville,2005,470,0,0
Postville,2006,470,0,0
Postville,2007,470,0,0
Postville,2008,470,0,0
Postville,2009,470,0,0
Postville,2010,470,0,0
Postville,2011,470,0,0
Postville,2012,470,0,0
Postville,2013,470,0,0
Postville,2014,470,0,0
Postville,2015,470,0,0
Postville,2016,470,0,0
Postville,2017,470,0,0
Primghar,1997,504,0,0
Primghar,1998,504,0,0
Primghar,1999,504,0,0
Primghar,2000,504,0,0
Primghar,2001,504,0,0
Primghar,2002,504,0,0
Primghar,2003,504,0,0
Primghar,2004,504,0,0
Primghar,2005,504,0,0
Primghar,2006,504,0,0
Primghar,2007,504,0,0
Primghar,2008,504,0,0
Primghar,2009,504,0,0
Primghar,2010,504,0,0
Primghar,2011,504,0,0
Primghar,2012,504,0,0
Primghar,2013,504,0,0
Primghar,2014,504,0,0
Primghar,2015,504,0,0
Primghar,2016,504,0,0
Primghar,2017,504,0,0
Red Oak,1997,295,0,0
Red Oak,1998,295,0,0
Red Oak,1999,295,0,0
Red Oak,2000,295,0,0
Red Oak,2001,295,0,0
Red Oak,2002,295,0,0
Red Oak,2003,295,0,0
Red Oak,2004,295,0,0
Red Oak,2005,295,0,0
Red Oak,2006,295,0,0
Red Oak,2007,295,0,0
Red Oak,2008,295,0,0
Red Oak,2009,295,0,0
Red Oak,2010,295,0,0
Red Oak,2011,295,0,0
Red Oak,2012,295,0,0
Red Oak,2013,295,0,0
Red Oak,2014,295,0,0
Red Oak,2015,295,0,0
Red Oak,2016,295,0,0
Red Oak,2017,295,0,0
Reinbeck,1997,230,0,0
Reinbeck,1998,230,0,0
Reinbeck,1999,230,0,0
Reinbeck,2000,230,0,0
Reinbeck,2001,230,0,0
Reinbeck,2002,230,0,0
Reinbeck,2003,230,0,0
Reinbeck,2004,230,0,0
Reinbeck,2005,230,0,0
Reinbeck,2006,230,0,0
Reinbeck,2007,230,0,0
Reinbeck,2008,230,0,0
Reinbeck,2009,230,0,0
Reinbeck,2010,230,0,0
Reinbeck,2011,230,0,0
Reinbeck,2012,230,0,0
Reinbeck,2013,230,0,0
Reinbeck,2014,230,0,0
Reinbeck,2015,230,0,0
Reinbeck,2016,230,0,0
Reinbeck,2017,230,0,0
Remsen,1997,4,0,0
Remsen,1998,4,0,0
Remsen,1999,4,0,0
Remsen,2000,4,0,0
Remsen,2001,4,0,0
Remsen,2002,4,0,0
Remsen,2003,4,0,0
Remsen,2004,4,0,0
Remsen,2005,4,0,0
Remsen,2006,4,0,0
Remsen,2007,4,0,0
Remsen,2008,4,0,0
Remsen,2009,4,0,0
Remsen,2010,4,0,0
Remsen,2011,4,0,0
Remsen,2012,4,0,0
Remsen,2013,4,0,0
Remsen,2014,4,0,0
Remsen,2015,4,0,0
Remsen,2016,4,0,0
Remsen,2017,4,0,0
Rock Rapids,1997,504,0,0
Rock Rapids,1998,504,0,0
Rock Rapids,1999,504,0,0
Rock Rapids,2000,504,0,0
Rock Rapids,2001,504,0,0
Rock Rapids,2002,504,0,0
Rock Rapids,2003,504,0,0
Rock Rapids,2004,504,0,0
Rock Rapids,2005,504,0,0
Rock Rapids,2006,504,0,0
Rock Rapids,2007,504,0,0
Rock Rapids,2008,504,0,0
Rock Rapids,2009,504,0,0
Rock Rapids,2010,504,0,0
Rock Rapids,2011,504,0,0
Rock Rapids,2012,504,0,0
Rock Rapids,2013,504,0,0
Rock Rapids,2014,504,0,0
Rock Rapids,2015,504,0,0
Rock Rapids,2016,504,0,0
Rock Rapids,2017,504,0,0
Rock Valley,1997,504,0,0
Rock Valley,1998,504,0,0
Rock Valley,1999,504,0,0
Rock Valley,2000,504,0,0
Rock Valley,2001,504,0,0
Rock Valley,2002,504,0,0
Rock Valley,2003,504,0,0
Rock Valley,2004,504,0,0
Rock Valley,2005,504,0,0
Rock Valley,2006,504,0,0
Rock Valley,2007,504,0,0
Rock Valley,2008,504,0,0
Rock Valley,2009,504,0,0
Rock Valley,2010,504,0,0
Rock Valley,2011,504,0,0
Rock Valley,2012,504,0,0
Rock Valley,2013,504,0,0
Rock Valley,2014,504,0,0
Rock Valley,2015,504,0,0
Rock Valley,2016,504,0,0
Rock Valley,2017,504,0,0
Rockford,1997,507,0,0
Rockford,1998,507,0,0
Rockford,1999,507,0,0
Rockford,2000,507,0,0
Rockford,2001,507,0,0
Rockford,2002,507,0,0
Rockford,2003,507,0,0
Rockford,2004,507,0,0
Rockford,2005,507,0,0
Rockford,2006,507,0,0
Rockford,2007,507,0,0
Rockford,2008,507,0,0
Rockford,2009,507,0,0
Rockford,2010,507,0,0
Rockford,2011,507,0,0
Rockford,2012,507,0,0
Rockford,2013,507,0,0
Rockford,2014,507,0,0
Rockford,2015,507,0,0
Rockford,2016,507,0,0
Rockford,2017,507,0,0
Rockwell City,1997,401,0,0
Rockwell City,1998,401,0,0
Rockwell City,1999,401,0,0
Rockwell City,2000,401,0,0
Rockwell City,2001,401,0,0
Rockwell City,2002,401,0,0
Rockwell City,2003,401,0,0
Rockwell City,2004,401,0,0
Rockwell City,2005,401,0,0
Rockwell City,2006,401,0,0
Rockwell City,2007,401,0,0
Rockwell City,2008,401,0,0
Rockwell City,2009,401,0,0
Rockwell City,2010,401,0,0
Rockwell City,2011,401,0,0
Rockwell City,2012,401,0,0
Rockwell City,2013,401,0,0
Rockwell City,2014,401,0,0
Rockwell City,2015,401,0,0
Rockwell City,2016,401,0,0
Rockwell City,2017,401,0,0
Sac City,1997,564,1,1996
Sac City,1998,564,1,1996
Sac City,1999,564,1,1996
Sac City,2000,564,1,1996
Sac City,2001,564,1,1996
Sac City,2002,564,1,1996
Sac City,2003,564,1,1996
Sac City,2004,564,1,1996
Sac City,2005,564,1,1996
Sac City,2006,564,1,1996
Sac City,2007,564,1,1996
Sac City,2008,564,1,1996
Sac City,2009,564,1,1996
Sac City,2010,564,1,1996
Sac City,2011,564,1,1996
Sac City,2012,564,1,1996
Sac City,2013,564,1,1996
Sac City,2014,564,1,1996
Sac City,2015,564,1,1996
Sac City,2016,564,1,1996
Sac City,2017,564,1,1996
Sanborn,1997,504,0,0
Sanborn,1998,504,0,0
Sanborn,1999,504,0,0
Sanborn,2000,504,0,0
Sanborn,2001,504,0,0
Sanborn,2002,504,0,0
Sanborn,2003,504,0,0
Sanborn,2004,504,0,0
Sanborn,2005,504,0,0
Sanborn,2006,504,0,0
Sanborn,2007,504,0,0
Sanborn,2008,504,0,0
Sanborn,2009,504,0,0
Sanborn,2010,504,0,0
Sanborn,2011,504,0,0
Sanborn,2012,504,0,0
Sanborn,2013,504,0,0
Sanborn,2014,504,0,0
Sanborn,2015,504,0,0
Sanborn,2016,504,0,0
Sanborn,2017,504,0,0
Sheffield,1997,561,0,0
Sheffield,1998,561,0,0
Sheffield,1999,561,0,0
Sheffield,2000,561,0,0
Sheffield,2001,561,0,0
Sheffield,2002,561,0,0
Sheffield,2003,561,0,0
Sheffield,2004,561,0,0
Sheffield,2005,561,0,0
Sheffield,2006,561,0,0
Sheffield,2007,561,0,0
Sheffield,2008,561,0,0
Sheffield,2009,561,0,0
Sheffield,2010,561,0,0
Sheffield,2011,561,0,0
Sheffield,2012,561,0,0
Sheffield,2013,561,0,0
Sheffield,2014,561,0,0
Sheffield,2015,561,0,0
Sheffield,2016,561,0,0
Sheffield,2017,561,0,0
Sheldon,1997,504,0,0
Sheldon,1998,504,0,0
Sheldon,1999,504,0,0
Sheldon,2000,504,0,0
Sheldon,2001,504,0,0
Sheldon,2002,504,0,0
Sheldon,2003,504,0,0
Sheldon,2004,504,0,0
Sheldon,2005,504,0,0
Sheldon,2006,504,0,0
Sheldon,2007,504,0,0
Sheldon,2008,504,0,0
Sheldon,2009,504,0,0
Sheldon,2010,504,0,0
Sheldon,2011,504,0,0
Sheldon,2012,504,0,0
Sheldon,2013,504,0,0
Sheldon,2014,504,0,0
Sheldon,2015,504,0,0
Sheldon,2016,504,0,0
Sheldon,2017,504,0,0
Shenandoah,1997,295,0,0
Shenandoah,1998,295,0,0
Shenandoah,1999,295,0,0
Shenandoah,2000,295,0,0
Shenandoah,2001,295,0,0
Shenandoah,2002,295,0,0
Shenandoah,2003,295,0,0
Shenandoah,2004,295,0,0
Shenandoah,2005,295,0,0
Shenandoah,2006,295,0,0
Shenandoah,2007,295,0,0
Shenandoah,2008,295,0,0
Shenandoah,2009,295,0,0
Shenandoah,2010,295,0,0
Shenandoah,2011,295,0,0
Shenandoah,2012,295,0,0
Shenandoah,2013,295,0,0
Shenandoah,2014,295,0,0
Shenandoah,2015,295,0,0
Shenandoah,2016,295,0,0
Shenandoah,2017,295,0,0
Sibley,1997,504,0,0
Sibley,1998,504,0,0
Sibley,1999,504,0,0
Sibley,2000,504,0,0
Sibley,2001,504,0,0
Sibley,2002,504,0,0
Sibley,2003,504,0,0
Sibley,2004,504,0,0
Sibley,2005,504,0,0
Sibley,2006,504,0,0
Sibley,2007,504,0,0
Sibley,2008,504,0,0
Sibley,2009,504,0,0
Sibley,2010,504,0,0
Sibley,2011,504,0,0
Sibley,2012,504,0,0
Sibley,2013,504,0,0
Sibley,2014,504,0,0
Sibley,2015,504,0,0
Sibley,2016,504,0,0
Sibley,2017,504,0,0
Sidney,1997,295,0,0
Sidney,1998,295,0,0
Sidney,1999,295,0,0
Sidney,2000,295,0,0
Sidney,2001,295,0,0
Sidney,2002,295,0,0
Sidney,2003,295,0,0
Sidney,2004,295,0,0
Sidney,2005,295,0,0
Sidney,2006,295,0,0
Sidney,2007,295,0,0
Sidney,2008,295,0,0
Sidney,2009,295,0,0
Sidney,2010,295,0,0
Sidney,2011,295,0,0
Sidney,2012,295,0,0
Sidney,2013,295,0,0
Sidney,2014,295,0,0
Sidney,2015,295,0,0
Sidney,2016,295,0,0
Sidney,2017,295,0,0
Sigourney,1997,393,0,0
Sigourney,1998,393,0,0
Sigourney,1999,393,0,0
Sigourney,2000,393,0,0
Sigourney,2001,393,0,0
Sigourney,2002,393,0,0
Sigourney,2003,393,0,0
Sigourney,2004,393,0,0
Sigourney,2005,393,0,0
Sigourney,2006,393,0,0
Sigourney,2007,393,0,0
Sigourney,2008,393,0,0
Sigourney,2009,393,0,0
Sigourney,2010,393,0,0
Sigourney,2011,393,0,0
Sigourney,2012,393,0,0
Sigourney,2013,393,0,0
Sigourney,2014,393,0,0
Sigourney,2015,393,0,0
Sigourney,2016,393,0,0
Sigourney,2017,393,0,0
Sioux Center,1997,504,0,0
Sioux Center,1998,504,0,0
Sioux Center,1999,504,0,0
Sioux Center,2000,504,0,0
Sioux Center,2001,504,0,0
Sioux Center,2002,504,0,0
Sioux Center,2003,504,0,0
Sioux Center,2004,504,0,0
Sioux Center,2005,504,0,0
Sioux Center,2006,504,0,0
Sioux Center,2007,504,0,0
Sioux Center,2008,504,0,0
Sioux Center,2009,504,0,0
Sioux Center,2010,504,0,0
Sioux Center,2011,504,0,0
Sioux Center,2012,504,0,0
Sioux Center,2013,504,0,0
Sioux Center,2014,504,0,0
Sioux Center,2015,504,0,0
Sioux Center,2016,504,0,0
Sioux Center,2017,504,0,0
Sioux Rapids,1997,564,0,0
Sioux Rapids,1998,564,0,0
Sioux Rapids,1999,564,0,0
Sioux Rapids,2000,564,0,0
Sioux Rapids,2001,564,0,0
Sioux Rapids,2002,564,0,0
Sioux Rapids,2003,564,0,0
Sioux Rapids,2004,564,0,0
Sioux Rapids,2005,564,0,0
Sioux Rapids,2006,564,0,0
Sioux Rapids,2007,564,0,0
Sioux Rapids,2008,564,0,0
Sioux Rapids,2009,564,0,0
Sioux Rapids,2010,564,0,0
Sioux Rapids,2011,564,0,0
Sioux Rapids,2012,564,0,0
Sioux Rapids,2013,564,0,0
Sioux Rapids,2014,564,0,0
Sioux Rapids,2015,564,0,0
Sioux Rapids,2016,564,0,0
Sioux Rapids,2017,564,0,0
Spencer,1997,518,1,1987
Spencer,1998,518,1,1987
Spencer,1999,518,1,1987
Spencer,2000,518,1,1987
Spencer,2001,518,1,1987
Spencer,2002,518,1,1987
Spencer,2003,518,1,1987
Spencer,2004,518,1,1987
Spencer,2005,518,1,1987
Spencer,2006,518,1,1987
Spencer,2007,518,1,1987
Spencer,2008,518,1,1987
Spencer,2009,518,1,1987
Spencer,2010,518,1,1987
Spencer,2011,518,1,1987
Spencer,2012,518,1,1987
Spencer,2013,518,1,1987
Spencer,2014,518,1,1987
Spencer,2015,518,1,1987
Spencer,2016,518,1,1987
Spencer,2017,518,1,1987
Spirit Lake,1997,518,0,0
Spirit Lake,1998,518,0,0
Spirit Lake,1999,518,0,0
Spirit Lake,2000,518,0,0
Spirit Lake,2001,518,0,0
Spirit Lake,2002,518,0,0
Spirit Lake,2003,518,0,0
Spirit Lake,2004,518,0,0
Spirit Lake,2005,518,0,0
Spirit Lake,2006,518,0,0
Spirit Lake,2007,518,0,0
Spirit Lake,2008,518,0,0
Spirit Lake,2009,518,0,0
Spirit Lake,2010,518,0,0
Spirit Lake,2011,518,0,0
Spirit Lake,2012,518,0,0
Spirit Lake,2013,518,0,0
Spirit Lake,2014,518,0,0
Spirit Lake,2015,518,0,0
Spirit Lake,2016,518,0,0
Spirit Lake,2017,518,0,0
State Center,1997,455,1,2000
State Center,1998,455,1,2000
State Center,1999,455,1,2000
State Center,2000,455,1,2000
State Center,2001,455,1,2000
State Center,2002,455,1,2000
State Center,2003,455,1,2000
State Center,2004,455,1,2000
State Center,2005,455,1,2000
State Center,2006,455,1,2000
State Center,2007,455,1,2000
State Center,2008,455,1,2000
State Center,2009,455,1,2000
State Center,2010,455,1,2000
State Center,2011,455,1,2000
State Center,2012,455,1,2000
State Center,2013,455,1,2000
State Center,2014,455,1,2000
State Center,2015,455,1,2000
State Center,2016,455,1,2000
State Center,2017,455,1,2000
Storm Lake,1997,564,0,0
Storm Lake,1998,564,0,0
Storm Lake,1999,564,0,0
Storm Lake,2000,564,0,0
Storm Lake,2001,564,0,0
Storm Lake,2002,564,0,0
Storm Lake,2003,564,0,0
Storm Lake,2004,564,0,0
Storm Lake,2005,564,0,0
Storm Lake,2006,564,0,0
Storm Lake,2007,564,0,0
Storm Lake,2008,564,0,0
Storm Lake,2009,564,0,0
Storm Lake,2010,564,0,0
Storm Lake,2011,564,0,0
Storm Lake,2012,564,0,0
Storm Lake,2013,564,0,0
Storm Lake,2014,564,0,0
Storm Lake,2015,564,0,0
Storm Lake,2016,564,0,0
Storm Lake,2017,564,0,0
Story City,1997,15,1,2000
Story City,1998,15,1,2000
Story City,1999,15,1,2000
Story City,2000,15,1,2000
Story City,2001,15,1,2000
Story City,2002,15,1,2000
Story City,2003,15,1,2000
Story City,2004,15,1,2000
Story City,2005,15,1,2000
Story City,2006,15,1,2000
Story City,2007,15,1,2000
Story City,2008,15,1,2000
Story City,2009,15,1,2000
Story City,2010,15,1,2000
Story City,2011,15,1,2000
Story City,2012,15,1,2000
Story City,2013,15,1,2000
Story City,2014,15,1,2000
Story City,2015,15,1,2000
Story City,2016,15,1,2000
Story City,2017,15,1,2000
Strawberry Point,1997,470,0,0
Strawberry Point,1998,470,0,0
Strawberry Point,1999,470,0,0
Strawberry Point,2000,470,0,0
Strawberry Point,2001,470,0,0
Strawberry Point,2002,470,0,0
Strawberry Point,2003,470,0,0
Strawberry Point,2004,470,0,0
Strawberry Point,2005,470,0,0
Strawberry Point,2006,470,0,0
Strawberry Point,2007,470,0,0
Strawberry Point,2008,470,0,0
Strawberry Point,2009,470,0,0
Strawberry Point,2010,470,0,0
Strawberry Point,2011,470,0,0
Strawberry Point,2012,470,0,0
Strawberry Point,2013,470,0,0
Strawberry Point,2014,470,0,0
Strawberry Point,2015,470,0,0
Strawberry Point,2016,470,0,0
Strawberry Point,2017,470,0,0
Sumner,1997,230,0,0
Sumner,1998,230,0,0
Sumner,1999,230,0,0
Sumner,2000,230,0,0
Sumner,2001,230,0,0
Sumner,2002,230,0,0
Sumner,2003,230,0,0
Sumner,2004,230,0,0
Sumner,2005,230,0,0
Sumner,2006,230,0,0
Sumner,2007,230,0,0
Sumner,2008,230,0,0
Sumner,2009,230,0,0
Sumner,2010,230,0,0
Sumner,2011,230,0,0
Sumner,2012,230,0,0
Sumner,2013,230,0,0
Sumner,2014,230,0,0
Sumner,2015,230,0,0
Sumner,2016,230,0,0
Sumner,2017,230,0,0
Tabor,1997,295,0,0
Tabor,1998,295,0,0
Tabor,1999,295,0,0
Tabor,2000,295,0,0
Tabor,2001,295,0,0
Tabor,2002,295,0,0
Tabor,2003,295,0,0
Tabor,2004,295,0,0
Tabor,2005,295,0,0
Tabor,2006,295,0,0
Tabor,2007,295,0,0
Tabor,2008,295,0,0
Tabor,2009,295,0,0
Tabor,2010,295,0,0
Tabor,2011,295,0,0
Tabor,2012,295,0,0
Tabor,2013,295,0,0
Tabor,2014,295,0,0
Tabor,2015,295,0,0
Tabor,2016,295,0,0
Tabor,2017,295,0,0
Tama,1997,455,0,0
Tama,1998,455,0,0
Tama,1999,455,0,0
Tama,2000,455,0,0
Tama,2001,455,0,0
Tama,2002,455,0,0
Tama,2003,455,0,0
Tama,2004,455,0,0
Tama,2005,455,0,0
Tama,2006,455,0,0
Tama,2007,455,0,0
Tama,2008,455,0,0
Tama,2009,455,0,0
Tama,2010,455,0,0
Tama,2011,455,0,0
Tama,2012,455,0,0
Tama,2013,455,0,0
Tama,2014,455,0,0
Tama,2015,455,0,0
Tama,2016,455,0,0
Tama,2017,455,0,0
Tipton,1997,161,0,0
Tipton,1998,161,0,0
Tipton,1999,161,0,0
Tipton,2000,161,0,0
Tipton,2001,161,0,0
Tipton,2002,161,0,0
Tipton,2003,161,0,0
Tipton,2004,161,0,0
Tipton,2005,161,0,0
Tipton,2006,161,0,0
Tipton,2007,161,0,0
Tipton,2008,161,0,0
Tipton,2009,161,0,0
Tipton,2010,161,0,0
Tipton,2011,161,0,0
Tipton,2012,161,0,0
Tipton,2013,161,0,0
Tipton,2014,161,0,0
Tipton,2015,161,0,0
Tipton,2016,161,0,0
Tipton,2017,161,0,0
Toledo,1997,455,0,0
Toledo,1998,455,0,0
Toledo,1999,455,0,0
Toledo,2000,455,0,0
Toledo,2001,455,0,0
Toledo,2002,455,0,0
Toledo,2003,455,0,0
Toledo,2004,455,0,0
Toledo,2005,455,0,0
Toledo,2006,455,0,0
Toledo,2007,455,0,0
Toledo,2008,455,0,0
Toledo,2009,455,0,0
Toledo,2010,455,0,0
Toledo,2011,455,0,0
Toledo,2012,455,0,0
Toledo,2013,455,0,0
Toledo,2014,455,0,0
Toledo,2015,455,0,0
Toledo,2016,455,0,0
Toledo,2017,455,0,0
Traer,1997,455,0,0
Traer,1998,455,0,0
Traer,1999,455,0,0
Traer,2000,455,0,0
Traer,2001,455,0,0
Traer,2002,455,0,0
Traer,2003,455,0,0
Traer,2004,455,0,0
Traer,2005,455,0,0
Traer,2006,455,0,0
Traer,2007,455,0,0
Traer,2008,455,0,0
Traer,2009,455,0,0
Traer,2010,455,0,0
Traer,2011,455,0,0
Traer,2012,455,0,0
Traer,2013,455,0,0
Traer,2014,455,0,0
Traer,2015,455,0,0
Traer,2016,455,0,0
Traer,2017,455,0,0
Tripoli,1997,230,0,0
Tripoli,1998,230,0,0
Tripoli,1999,230,0,0
Tripoli,2000,230,0,0
Tripoli,2001,230,0,0
Tripoli,2002,230,0,0
Tripoli,2003,230,0,0
Tripoli,2004,230,0,0
Tripoli,2005,230,0,0
Tripoli,2006,230,0,0
Tripoli,2007,230,0,0
Tripoli,2008,230,0,0
Tripoli,2009,230,0,0
Tripoli,2010,230,0,0
Tripoli,2011,230,0,0
Tripoli,2012,230,0,0
Tripoli,2013,230,0,0
Tripoli,2014,230,0,0
Tripoli,2015,230,0,0
Tripoli,2016,230,0,0
Tripoli,2017,230,0,0
Villisca,1997,295,0,0
Villisca,1998,295,0,0
Villisca,1999,295,0,0
Villisca,2000,295,0,0
Villisca,2001,295,0,0
Villisca,2002,295,0,0
Villisca,2003,295,0,0
Villisca,2004,295,0,0
Villisca,2005,295,0,0
Villisca,2006,295,0,0
Villisca,2007,295,0,0
Villisca,2008,295,0,0
Villisca,2009,295,0,0
Villisca,2010,295,0,0
Villisca,2011,295,0,0
Villisca,2012,295,0,0
Villisca,2013,295,0,0
Villisca,2014,295,0,0
Villisca,2015,295,0,0
Villisca,2016,295,0,0
Villisca,2017,295,0,0
Wapello,1997,161,0,0
Wapello,1998,161,0,0
Wapello,1999,161,0,0
Wapello,2000,161,0,0
Wapello,2001,161,0,0
Wapello,2002,161,0,0
Wapello,2003,161,0,0
Wapello,2004,161,0,0
Wapello,2005,161,0,0
Wapello,2006,161,0,0
Wapello,2007,161,0,0
Wapello,2008,161,0,0
Wapello,2009,161,0,0
Wapello,2010,161,0,0
Wapello,2011,161,0,0
Wapello,2012,161,0,0
Wapello,2013,161,0,0
Wapello,2014,161,0,0
Wapello,2015,161,0,0
Wapello,2016,161,0,0
Wapello,2017,161,0,0
Washington,1997,161,1,2008
Washington,1998,161,1,2008
Washington,1999,161,1,2008
Washington,2000,161,1,2008
Washington,2001,161,1,2008
Washington,2002,161,1,2008
Washington,2003,161,1,2008
Washington,2004,161,1,2008
Washington,2005,161,1,2008
Washington,2006,161,1,2008
Washington,2007,161,1,2008
Washington,2008,161,1,2008
Washington,2009,161,1,2008
Washington,2010,161,1,2008
Washington,2011,161,1,2008
Washington,2012,161,1,2008
Washington,2013,161,1,2008
Washington,2014,161,1,2008
Washington,2015,161,1,2008
Washington,2016,161,1,2008
Washington,2017,161,1,2008
Waukon,1997,470,0,0
Waukon,1998,470,0,0
Waukon,1999,470,0,0
Waukon,2000,470,0,0
Waukon,2001,470,0,0
Waukon,2002,470,0,0
Waukon,2003,470,0,0
Waukon,2004,470,0,0
Waukon,2005,470,0,0
Waukon,2006,470,0,0
Waukon,2007,470,0,0
Waukon,2008,470,0,0
Waukon,2009,470,0,0
Waukon,2010,470,0,0
Waukon,2011,470,0,0
Waukon,2012,470,0,0
Waukon,2013,470,0,0
Waukon,2014,470,0,0
Waukon,2015,470,0,0
Waukon,2016,470,0,0
Waukon,2017,470,0,0
Waverly,1997,230,1,1989
Waverly,1998,230,1,1989
Waverly,1999,230,1,1989
Waverly,2000,230,1,1989
Waverly,2001,230,1,1989
Waverly,2002,230,1,1989
Waverly,2003,230,1,1989
Waverly,2004,230,1,1989
Waverly,2005,230,1,1989
Waverly,2006,230,1,1989
Waverly,2007,230,1,1989
Waverly,2008,230,1,1989
Waverly,2009,230,1,1989
Waverly,2010,230,1,1989
Waverly,2011,230,1,1989
Waverly,2012,230,1,1989
Waverly,2013,230,1,1989
Waverly,2014,230,1,1989
Waverly,2015,230,1,1989
Waverly,2016,230,1,1989
Waverly,2017,230,1,1989
Webster City,1997,401,1,1991
Webster City,1998,401,1,1991
Webster City,1999,401,1,1991
Webster City,2000,401,1,1991
Webster City,2001,401,1,1991
Webster City,2002,401,1,1991
Webster City,2003,401,1,1991
Webster City,2004,401,1,1991
Webster City,2005,401,1,1991
Webster City,2006,401,1,1991
Webster City,2007,401,1,1991
Webster City,2008,401,1,1991
Webster City,2009,401,1,1991
Webster City,2010,401,1,1991
Webster City,2011,401,1,1991
Webster City,2012,401,1,1991
Webster City,2013,401,1,1991
Webster City,2014,401,1,1991
Webster City,2015,401,1,1991
Webster City,2016,401,1,1991
Webster City,2017,401,1,1991
Wellman,1997,161,0,0
Wellman,1998,161,0,0
Wellman,1999,161,0,0
Wellman,2000,161,0,0
Wellman,2001,161,0,0
Wellman,2002,161,0,0
Wellman,2003,161,0,0
Wellman,2004,161,0,0
Wellman,2005,161,0,0
Wellman,2006,161,0,0
Wellman,2007,161,0,0
Wellman,2008,161,0,0
Wellman,2009,161,0,0
Wellman,2010,161,0,0
Wellman,2011,161,0,0
Wellman,2012,161,0,0
Wellman,2013,161,0,0
Wellman,2014,161,0,0
Wellman,2015,161,0,0
Wellman,2016,161,0,0
Wellman,2017,161,0,0
West Burlington,1997,192,0,0
West Burlington,1998,192,0,0
West Burlington,1999,192,0,0
West Burlington,2000,192,0,0
West Burlington,2001,192,0,0
West Burlington,2002,192,0,0
West Burlington,2003,192,0,0
West Burlington,2004,192,0,0
West Burlington,2005,192,0,0
West Burlington,2006,192,0,0
West Burlington,2007,192,0,0
West Burlington,2008,192,0,0
West Burlington,2009,192,0,0
West Burlington,2010,192,0,0
West Burlington,2011,192,0,0
West Burlington,2012,192,0,0
West Burlington,2013,192,0,0
West Burlington,2014,192,0,0
West Burlington,2015,192,0,0
West Burlington,2016,192,0,0
West Burlington,2017,192,0,0
West Liberty,1997,161,0,0
West Liberty,1998,161,0,0
West Liberty,1999,161,0,0
West Liberty,2000,161,0,0
West Liberty,2001,161,0,0
West Liberty,2002,161,0,0
West Liberty,2003,161,0,0
West Liberty,2004,161,0,0
West Liberty,2005,161,0,0
West Liberty,2006,161,0,0
West Liberty,2007,161,0,0
West Liberty,2008,161,0,0
West Liberty,2009,161,0,0
West Liberty,2010,161,0,0
West Liberty,2011,161,0,0
West Liberty,2012,161,0,0
West Liberty,2013,161,0,0
West Liberty,2014,161,0,0
West Liberty,2015,161,0,0
West Liberty,2016,161,0,0
West Liberty,2017,161,0,0
West Union,1997,230,1,2006
West Union,1998,230,1,2006
West Union,1999,230,1,2006
West Union,2000,230,1,2006
West Union,2001,230,1,2006
West Union,2002,230,1,2006
West Union,2003,230,1,2006
West Union,2004,230,1,2006
West Union,2005,230,1,2006
West Union,2006,230,1,2006
West Union,2007,230,1,2006
West Union,2008,230,1,2006
West Union,2009,230,1,2006
West Union,2010,230,1,2006
West Union,2011,230,1,2006
West Union,2012,230,1,2006
West Union,2013,230,1,2006
West Union,2014,230,1,2006
West Union,2015,230,1,2006
West Union,2016,230,1,2006
West Union,2017,230,1,2006
Williamsburg,1997,161,0,0
Williamsburg,1998,161,0,0
Williamsburg,1999,161,0,0
Williamsburg,2000,161,0,0
Williamsburg,2001,161,0,0
Williamsburg,2002,161,0,0
Williamsburg,2003,161,0,0
Williamsburg,2004,161,0,0
Williamsburg,2005,161,0,0
Williamsburg,2006,161,0,0
Williamsburg,2007,161,0,0
Williamsburg,2008,161,0,0
Williamsburg,2009,161,0,0
Williamsburg,2010,161,0,0
Williamsburg,2011,161,0,0
Williamsburg,2012,161,0,0
Williamsburg,2013,161,0,0
Williamsburg,2014,161,0,0
Williamsburg,2015,161,0,0
Williamsburg,2016,161,0,0
Williamsburg,2017,161,0,0
Wilton,1997,161,0,0
Wilton,1998,161,0,0
Wilton,1999,161,0,0
Wilton,2000,161,0,0
Wilton,2001,161,0,0
Wilton,2002,161,0,0
Wilton,2003,161,0,0
Wilton,2004,161,0,0
Wilton,2005,161,0,0
Wilton,2006,161,0,0
Wilton,2007,161,0,0
Wilton,2008,161,0,0
Wilton,2009,161,0,0
Wilton,2010,161,0,0
Wilton,2011,161,0,0
Wilton,2012,161,0,0
Wilton,2013,161,0,0
Wilton,2014,161,0,0
Wilton,2015,161,0,0
Wilton,2016,161,0,0
Wilton,2017,161,0,0
Winfield,1997,192,0,0
Winfield,1998,192,0,0
Winfield,1999,192,0,0
Winfield,2000,192,0,0
Winfield,2001,192,0,0
Winfield,2002,192,0,0
Winfield,2003,192,0,0
Winfield,2004,192,0,0
Winfield,2005,192,0,0
Winfield,2006,192,0,0
Winfield,2007,192,0,0
Winfield,2008,192,0,0
Winfield,2009,192,0,0
Winfield,2010,192,0,0
Winfield,2011,192,0,0
Winfield,2012,192,0,0
Winfield,2013,192,0,0
Winfield,2014,192,0,0
Winfield,2015,192,0,0
Winfield,2016,192,0,0
Winfield,2017,192,0,0
